Date,Start of Year,Start of Quarter,Start of Month
1/1/12,1/1/12,1/1/12,1/1/12
1/2/12,1/1/12,1/1/12,1/1/12
1/3/12,1/1/12,1/1/12,1/1/12
1/4/12,1/1/12,1/1/12,1/1/12
1/5/12,1/1/12,1/1/12,1/1/12
1/6/12,1/1/12,1/1/12,1/1/12
1/7/12,1/1/12,1/1/12,1/1/12
1/8/12,1/1/12,1/1/12,1/1/12
1/9/12,1/1/12,1/1/12,1/1/12
1/10/12,1/1/12,1/1/12,1/1/12
1/11/12,1/1/12,1/1/12,1/1/12
1/12/12,1/1/12,1/1/12,1/1/12
1/13/12,1/1/12,1/1/12,1/1/12
1/14/12,1/1/12,1/1/12,1/1/12
1/15/12,1/1/12,1/1/12,1/1/12
1/16/12,1/1/12,1/1/12,1/1/12
1/17/12,1/1/12,1/1/12,1/1/12
1/18/12,1/1/12,1/1/12,1/1/12
1/19/12,1/1/12,1/1/12,1/1/12
1/20/12,1/1/12,1/1/12,1/1/12
1/21/12,1/1/12,1/1/12,1/1/12
1/22/12,1/1/12,1/1/12,1/1/12
1/23/12,1/1/12,1/1/12,1/1/12
1/24/12,1/1/12,1/1/12,1/1/12
1/25/12,1/1/12,1/1/12,1/1/12
1/26/12,1/1/12,1/1/12,1/1/12
1/27/12,1/1/12,1/1/12,1/1/12
1/28/12,1/1/12,1/1/12,1/1/12
1/29/12,1/1/12,1/1/12,1/1/12
1/30/12,1/1/12,1/1/12,1/1/12
1/31/12,1/1/12,1/1/12,1/1/12
2/1/12,1/1/12,1/1/12,2/1/12
2/2/12,1/1/12,1/1/12,2/1/12
2/3/12,1/1/12,1/1/12,2/1/12
2/4/12,1/1/12,1/1/12,2/1/12
2/5/12,1/1/12,1/1/12,2/1/12
2/6/12,1/1/12,1/1/12,2/1/12
2/7/12,1/1/12,1/1/12,2/1/12
2/8/12,1/1/12,1/1/12,2/1/12
2/9/12,1/1/12,1/1/12,2/1/12
2/10/12,1/1/12,1/1/12,2/1/12
2/11/12,1/1/12,1/1/12,2/1/12
2/12/12,1/1/12,1/1/12,2/1/12
2/13/12,1/1/12,1/1/12,2/1/12
2/14/12,1/1/12,1/1/12,2/1/12
2/15/12,1/1/12,1/1/12,2/1/12
2/16/12,1/1/12,1/1/12,2/1/12
2/17/12,1/1/12,1/1/12,2/1/12
2/18/12,1/1/12,1/1/12,2/1/12
2/19/12,1/1/12,1/1/12,2/1/12
2/20/12,1/1/12,1/1/12,2/1/12
2/21/12,1/1/12,1/1/12,2/1/12
2/22/12,1/1/12,1/1/12,2/1/12
2/23/12,1/1/12,1/1/12,2/1/12
2/24/12,1/1/12,1/1/12,2/1/12
2/25/12,1/1/12,1/1/12,2/1/12
2/26/12,1/1/12,1/1/12,2/1/12
2/27/12,1/1/12,1/1/12,2/1/12
2/28/12,1/1/12,1/1/12,2/1/12
2/29/12,1/1/12,1/1/12,2/1/12
3/1/12,1/1/12,1/1/12,3/1/12
3/2/12,1/1/12,1/1/12,3/1/12
3/3/12,1/1/12,1/1/12,3/1/12
3/4/12,1/1/12,1/1/12,3/1/12
3/5/12,1/1/12,1/1/12,3/1/12
3/6/12,1/1/12,1/1/12,3/1/12
3/7/12,1/1/12,1/1/12,3/1/12
3/8/12,1/1/12,1/1/12,3/1/12
3/9/12,1/1/12,1/1/12,3/1/12
3/10/12,1/1/12,1/1/12,3/1/12
3/11/12,1/1/12,1/1/12,3/1/12
3/12/12,1/1/12,1/1/12,3/1/12
3/13/12,1/1/12,1/1/12,3/1/12
3/14/12,1/1/12,1/1/12,3/1/12
3/15/12,1/1/12,1/1/12,3/1/12
3/16/12,1/1/12,1/1/12,3/1/12
3/17/12,1/1/12,1/1/12,3/1/12
3/18/12,1/1/12,1/1/12,3/1/12
3/19/12,1/1/12,1/1/12,3/1/12
3/20/12,1/1/12,1/1/12,3/1/12
3/21/12,1/1/12,1/1/12,3/1/12
3/22/12,1/1/12,1/1/12,3/1/12
3/23/12,1/1/12,1/1/12,3/1/12
3/24/12,1/1/12,1/1/12,3/1/12
3/25/12,1/1/12,1/1/12,3/1/12
3/26/12,1/1/12,1/1/12,3/1/12
3/27/12,1/1/12,1/1/12,3/1/12
3/28/12,1/1/12,1/1/12,3/1/12
3/29/12,1/1/12,1/1/12,3/1/12
3/30/12,1/1/12,1/1/12,3/1/12
3/31/12,1/1/12,1/1/12,3/1/12
4/1/12,1/1/12,4/1/12,4/1/12
4/2/12,1/1/12,4/1/12,4/1/12
4/3/12,1/1/12,4/1/12,4/1/12
4/4/12,1/1/12,4/1/12,4/1/12
4/5/12,1/1/12,4/1/12,4/1/12
4/6/12,1/1/12,4/1/12,4/1/12
4/7/12,1/1/12,4/1/12,4/1/12
4/8/12,1/1/12,4/1/12,4/1/12
4/9/12,1/1/12,4/1/12,4/1/12
4/10/12,1/1/12,4/1/12,4/1/12
4/11/12,1/1/12,4/1/12,4/1/12
4/12/12,1/1/12,4/1/12,4/1/12
4/13/12,1/1/12,4/1/12,4/1/12
4/14/12,1/1/12,4/1/12,4/1/12
4/15/12,1/1/12,4/1/12,4/1/12
4/16/12,1/1/12,4/1/12,4/1/12
4/17/12,1/1/12,4/1/12,4/1/12
4/18/12,1/1/12,4/1/12,4/1/12
4/19/12,1/1/12,4/1/12,4/1/12
4/20/12,1/1/12,4/1/12,4/1/12
4/21/12,1/1/12,4/1/12,4/1/12
4/22/12,1/1/12,4/1/12,4/1/12
4/23/12,1/1/12,4/1/12,4/1/12
4/24/12,1/1/12,4/1/12,4/1/12
4/25/12,1/1/12,4/1/12,4/1/12
4/26/12,1/1/12,4/1/12,4/1/12
4/27/12,1/1/12,4/1/12,4/1/12
4/28/12,1/1/12,4/1/12,4/1/12
4/29/12,1/1/12,4/1/12,4/1/12
4/30/12,1/1/12,4/1/12,4/1/12
5/1/12,1/1/12,4/1/12,5/1/12
5/2/12,1/1/12,4/1/12,5/1/12
5/3/12,1/1/12,4/1/12,5/1/12
5/4/12,1/1/12,4/1/12,5/1/12
5/5/12,1/1/12,4/1/12,5/1/12
5/6/12,1/1/12,4/1/12,5/1/12
5/7/12,1/1/12,4/1/12,5/1/12
5/8/12,1/1/12,4/1/12,5/1/12
5/9/12,1/1/12,4/1/12,5/1/12
5/10/12,1/1/12,4/1/12,5/1/12
5/11/12,1/1/12,4/1/12,5/1/12
5/12/12,1/1/12,4/1/12,5/1/12
5/13/12,1/1/12,4/1/12,5/1/12
5/14/12,1/1/12,4/1/12,5/1/12
5/15/12,1/1/12,4/1/12,5/1/12
5/16/12,1/1/12,4/1/12,5/1/12
5/17/12,1/1/12,4/1/12,5/1/12
5/18/12,1/1/12,4/1/12,5/1/12
5/19/12,1/1/12,4/1/12,5/1/12
5/20/12,1/1/12,4/1/12,5/1/12
5/21/12,1/1/12,4/1/12,5/1/12
5/22/12,1/1/12,4/1/12,5/1/12
5/23/12,1/1/12,4/1/12,5/1/12
5/24/12,1/1/12,4/1/12,5/1/12
5/25/12,1/1/12,4/1/12,5/1/12
5/26/12,1/1/12,4/1/12,5/1/12
5/27/12,1/1/12,4/1/12,5/1/12
5/28/12,1/1/12,4/1/12,5/1/12
5/29/12,1/1/12,4/1/12,5/1/12
5/30/12,1/1/12,4/1/12,5/1/12
5/31/12,1/1/12,4/1/12,5/1/12
6/1/12,1/1/12,4/1/12,6/1/12
6/2/12,1/1/12,4/1/12,6/1/12
6/3/12,1/1/12,4/1/12,6/1/12
6/4/12,1/1/12,4/1/12,6/1/12
6/5/12,1/1/12,4/1/12,6/1/12
6/6/12,1/1/12,4/1/12,6/1/12
6/7/12,1/1/12,4/1/12,6/1/12
6/8/12,1/1/12,4/1/12,6/1/12
6/9/12,1/1/12,4/1/12,6/1/12
6/10/12,1/1/12,4/1/12,6/1/12
6/11/12,1/1/12,4/1/12,6/1/12
6/12/12,1/1/12,4/1/12,6/1/12
6/13/12,1/1/12,4/1/12,6/1/12
6/14/12,1/1/12,4/1/12,6/1/12
6/15/12,1/1/12,4/1/12,6/1/12
6/16/12,1/1/12,4/1/12,6/1/12
6/17/12,1/1/12,4/1/12,6/1/12
6/18/12,1/1/12,4/1/12,6/1/12
6/19/12,1/1/12,4/1/12,6/1/12
6/20/12,1/1/12,4/1/12,6/1/12
6/21/12,1/1/12,4/1/12,6/1/12
6/22/12,1/1/12,4/1/12,6/1/12
6/23/12,1/1/12,4/1/12,6/1/12
6/24/12,1/1/12,4/1/12,6/1/12
6/25/12,1/1/12,4/1/12,6/1/12
6/26/12,1/1/12,4/1/12,6/1/12
6/27/12,1/1/12,4/1/12,6/1/12
6/28/12,1/1/12,4/1/12,6/1/12
6/29/12,1/1/12,4/1/12,6/1/12
6/30/12,1/1/12,4/1/12,6/1/12
7/1/12,1/1/12,7/1/12,7/1/12
7/2/12,1/1/12,7/1/12,7/1/12
7/3/12,1/1/12,7/1/12,7/1/12
7/4/12,1/1/12,7/1/12,7/1/12
7/5/12,1/1/12,7/1/12,7/1/12
7/6/12,1/1/12,7/1/12,7/1/12
7/7/12,1/1/12,7/1/12,7/1/12
7/8/12,1/1/12,7/1/12,7/1/12
7/9/12,1/1/12,7/1/12,7/1/12
7/10/12,1/1/12,7/1/12,7/1/12
7/11/12,1/1/12,7/1/12,7/1/12
7/12/12,1/1/12,7/1/12,7/1/12
7/13/12,1/1/12,7/1/12,7/1/12
7/14/12,1/1/12,7/1/12,7/1/12
7/15/12,1/1/12,7/1/12,7/1/12
7/16/12,1/1/12,7/1/12,7/1/12
7/17/12,1/1/12,7/1/12,7/1/12
7/18/12,1/1/12,7/1/12,7/1/12
7/19/12,1/1/12,7/1/12,7/1/12
7/20/12,1/1/12,7/1/12,7/1/12
7/21/12,1/1/12,7/1/12,7/1/12
7/22/12,1/1/12,7/1/12,7/1/12
7/23/12,1/1/12,7/1/12,7/1/12
7/24/12,1/1/12,7/1/12,7/1/12
7/25/12,1/1/12,7/1/12,7/1/12
7/26/12,1/1/12,7/1/12,7/1/12
7/27/12,1/1/12,7/1/12,7/1/12
7/28/12,1/1/12,7/1/12,7/1/12
7/29/12,1/1/12,7/1/12,7/1/12
7/30/12,1/1/12,7/1/12,7/1/12
7/31/12,1/1/12,7/1/12,7/1/12
8/1/12,1/1/12,7/1/12,8/1/12
8/2/12,1/1/12,7/1/12,8/1/12
8/3/12,1/1/12,7/1/12,8/1/12
8/4/12,1/1/12,7/1/12,8/1/12
8/5/12,1/1/12,7/1/12,8/1/12
8/6/12,1/1/12,7/1/12,8/1/12
8/7/12,1/1/12,7/1/12,8/1/12
8/8/12,1/1/12,7/1/12,8/1/12
8/9/12,1/1/12,7/1/12,8/1/12
8/10/12,1/1/12,7/1/12,8/1/12
8/11/12,1/1/12,7/1/12,8/1/12
8/12/12,1/1/12,7/1/12,8/1/12
8/13/12,1/1/12,7/1/12,8/1/12
8/14/12,1/1/12,7/1/12,8/1/12
8/15/12,1/1/12,7/1/12,8/1/12
8/16/12,1/1/12,7/1/12,8/1/12
8/17/12,1/1/12,7/1/12,8/1/12
8/18/12,1/1/12,7/1/12,8/1/12
8/19/12,1/1/12,7/1/12,8/1/12
8/20/12,1/1/12,7/1/12,8/1/12
8/21/12,1/1/12,7/1/12,8/1/12
8/22/12,1/1/12,7/1/12,8/1/12
8/23/12,1/1/12,7/1/12,8/1/12
8/24/12,1/1/12,7/1/12,8/1/12
8/25/12,1/1/12,7/1/12,8/1/12
8/26/12,1/1/12,7/1/12,8/1/12
8/27/12,1/1/12,7/1/12,8/1/12
8/28/12,1/1/12,7/1/12,8/1/12
8/29/12,1/1/12,7/1/12,8/1/12
8/30/12,1/1/12,7/1/12,8/1/12
8/31/12,1/1/12,7/1/12,8/1/12
9/1/12,1/1/12,7/1/12,9/1/12
9/2/12,1/1/12,7/1/12,9/1/12
9/3/12,1/1/12,7/1/12,9/1/12
9/4/12,1/1/12,7/1/12,9/1/12
9/5/12,1/1/12,7/1/12,9/1/12
9/6/12,1/1/12,7/1/12,9/1/12
9/7/12,1/1/12,7/1/12,9/1/12
9/8/12,1/1/12,7/1/12,9/1/12
9/9/12,1/1/12,7/1/12,9/1/12
9/10/12,1/1/12,7/1/12,9/1/12
9/11/12,1/1/12,7/1/12,9/1/12
9/12/12,1/1/12,7/1/12,9/1/12
9/13/12,1/1/12,7/1/12,9/1/12
9/14/12,1/1/12,7/1/12,9/1/12
9/15/12,1/1/12,7/1/12,9/1/12
9/16/12,1/1/12,7/1/12,9/1/12
9/17/12,1/1/12,7/1/12,9/1/12
9/18/12,1/1/12,7/1/12,9/1/12
9/19/12,1/1/12,7/1/12,9/1/12
9/20/12,1/1/12,7/1/12,9/1/12
9/21/12,1/1/12,7/1/12,9/1/12
9/22/12,1/1/12,7/1/12,9/1/12
9/23/12,1/1/12,7/1/12,9/1/12
9/24/12,1/1/12,7/1/12,9/1/12
9/25/12,1/1/12,7/1/12,9/1/12
9/26/12,1/1/12,7/1/12,9/1/12
9/27/12,1/1/12,7/1/12,9/1/12
9/28/12,1/1/12,7/1/12,9/1/12
9/29/12,1/1/12,7/1/12,9/1/12
9/30/12,1/1/12,7/1/12,9/1/12
10/1/12,1/1/12,10/1/12,10/1/12
10/2/12,1/1/12,10/1/12,10/1/12
10/3/12,1/1/12,10/1/12,10/1/12
10/4/12,1/1/12,10/1/12,10/1/12
10/5/12,1/1/12,10/1/12,10/1/12
10/6/12,1/1/12,10/1/12,10/1/12
10/7/12,1/1/12,10/1/12,10/1/12
10/8/12,1/1/12,10/1/12,10/1/12
10/9/12,1/1/12,10/1/12,10/1/12
10/10/12,1/1/12,10/1/12,10/1/12
10/11/12,1/1/12,10/1/12,10/1/12
10/12/12,1/1/12,10/1/12,10/1/12
10/13/12,1/1/12,10/1/12,10/1/12
10/14/12,1/1/12,10/1/12,10/1/12
10/15/12,1/1/12,10/1/12,10/1/12
10/16/12,1/1/12,10/1/12,10/1/12
10/17/12,1/1/12,10/1/12,10/1/12
10/18/12,1/1/12,10/1/12,10/1/12
10/19/12,1/1/12,10/1/12,10/1/12
10/20/12,1/1/12,10/1/12,10/1/12
10/21/12,1/1/12,10/1/12,10/1/12
10/22/12,1/1/12,10/1/12,10/1/12
10/23/12,1/1/12,10/1/12,10/1/12
10/24/12,1/1/12,10/1/12,10/1/12
10/25/12,1/1/12,10/1/12,10/1/12
10/26/12,1/1/12,10/1/12,10/1/12
10/27/12,1/1/12,10/1/12,10/1/12
10/28/12,1/1/12,10/1/12,10/1/12
10/29/12,1/1/12,10/1/12,10/1/12
10/30/12,1/1/12,10/1/12,10/1/12
10/31/12,1/1/12,10/1/12,10/1/12
11/1/12,1/1/12,10/1/12,11/1/12
11/2/12,1/1/12,10/1/12,11/1/12
11/3/12,1/1/12,10/1/12,11/1/12
11/4/12,1/1/12,10/1/12,11/1/12
11/5/12,1/1/12,10/1/12,11/1/12
11/6/12,1/1/12,10/1/12,11/1/12
11/7/12,1/1/12,10/1/12,11/1/12
11/8/12,1/1/12,10/1/12,11/1/12
11/9/12,1/1/12,10/1/12,11/1/12
11/10/12,1/1/12,10/1/12,11/1/12
11/11/12,1/1/12,10/1/12,11/1/12
11/12/12,1/1/12,10/1/12,11/1/12
11/13/12,1/1/12,10/1/12,11/1/12
11/14/12,1/1/12,10/1/12,11/1/12
11/15/12,1/1/12,10/1/12,11/1/12
11/16/12,1/1/12,10/1/12,11/1/12
11/17/12,1/1/12,10/1/12,11/1/12
11/18/12,1/1/12,10/1/12,11/1/12
11/19/12,1/1/12,10/1/12,11/1/12
11/20/12,1/1/12,10/1/12,11/1/12
11/21/12,1/1/12,10/1/12,11/1/12
11/22/12,1/1/12,10/1/12,11/1/12
11/23/12,1/1/12,10/1/12,11/1/12
11/24/12,1/1/12,10/1/12,11/1/12
11/25/12,1/1/12,10/1/12,11/1/12
11/26/12,1/1/12,10/1/12,11/1/12
11/27/12,1/1/12,10/1/12,11/1/12
11/28/12,1/1/12,10/1/12,11/1/12
11/29/12,1/1/12,10/1/12,11/1/12
11/30/12,1/1/12,10/1/12,11/1/12
12/1/12,1/1/12,10/1/12,12/1/12
12/2/12,1/1/12,10/1/12,12/1/12
12/3/12,1/1/12,10/1/12,12/1/12
12/4/12,1/1/12,10/1/12,12/1/12
12/5/12,1/1/12,10/1/12,12/1/12
12/6/12,1/1/12,10/1/12,12/1/12
12/7/12,1/1/12,10/1/12,12/1/12
12/8/12,1/1/12,10/1/12,12/1/12
12/9/12,1/1/12,10/1/12,12/1/12
12/10/12,1/1/12,10/1/12,12/1/12
12/11/12,1/1/12,10/1/12,12/1/12
12/12/12,1/1/12,10/1/12,12/1/12
12/13/12,1/1/12,10/1/12,12/1/12
12/14/12,1/1/12,10/1/12,12/1/12
12/15/12,1/1/12,10/1/12,12/1/12
12/16/12,1/1/12,10/1/12,12/1/12
12/17/12,1/1/12,10/1/12,12/1/12
12/18/12,1/1/12,10/1/12,12/1/12
12/19/12,1/1/12,10/1/12,12/1/12
12/20/12,1/1/12,10/1/12,12/1/12
12/21/12,1/1/12,10/1/12,12/1/12
12/22/12,1/1/12,10/1/12,12/1/12
12/23/12,1/1/12,10/1/12,12/1/12
12/24/12,1/1/12,10/1/12,12/1/12
12/25/12,1/1/12,10/1/12,12/1/12
12/26/12,1/1/12,10/1/12,12/1/12
12/27/12,1/1/12,10/1/12,12/1/12
12/28/12,1/1/12,10/1/12,12/1/12
12/29/12,1/1/12,10/1/12,12/1/12
12/30/12,1/1/12,10/1/12,12/1/12
12/31/12,1/1/12,10/1/12,12/1/12
1/1/13,1/1/13,1/1/13,1/1/13
1/2/13,1/1/13,1/1/13,1/1/13
1/3/13,1/1/13,1/1/13,1/1/13
1/4/13,1/1/13,1/1/13,1/1/13
1/5/13,1/1/13,1/1/13,1/1/13
1/6/13,1/1/13,1/1/13,1/1/13
1/7/13,1/1/13,1/1/13,1/1/13
1/8/13,1/1/13,1/1/13,1/1/13
1/9/13,1/1/13,1/1/13,1/1/13
1/10/13,1/1/13,1/1/13,1/1/13
1/11/13,1/1/13,1/1/13,1/1/13
1/12/13,1/1/13,1/1/13,1/1/13
1/13/13,1/1/13,1/1/13,1/1/13
1/14/13,1/1/13,1/1/13,1/1/13
1/15/13,1/1/13,1/1/13,1/1/13
1/16/13,1/1/13,1/1/13,1/1/13
1/17/13,1/1/13,1/1/13,1/1/13
1/18/13,1/1/13,1/1/13,1/1/13
1/19/13,1/1/13,1/1/13,1/1/13
1/20/13,1/1/13,1/1/13,1/1/13
1/21/13,1/1/13,1/1/13,1/1/13
1/22/13,1/1/13,1/1/13,1/1/13
1/23/13,1/1/13,1/1/13,1/1/13
1/24/13,1/1/13,1/1/13,1/1/13
1/25/13,1/1/13,1/1/13,1/1/13
1/26/13,1/1/13,1/1/13,1/1/13
1/27/13,1/1/13,1/1/13,1/1/13
1/28/13,1/1/13,1/1/13,1/1/13
1/29/13,1/1/13,1/1/13,1/1/13
1/30/13,1/1/13,1/1/13,1/1/13
1/31/13,1/1/13,1/1/13,1/1/13
2/1/13,1/1/13,1/1/13,2/1/13
2/2/13,1/1/13,1/1/13,2/1/13
2/3/13,1/1/13,1/1/13,2/1/13
2/4/13,1/1/13,1/1/13,2/1/13
2/5/13,1/1/13,1/1/13,2/1/13
2/6/13,1/1/13,1/1/13,2/1/13
2/7/13,1/1/13,1/1/13,2/1/13
2/8/13,1/1/13,1/1/13,2/1/13
2/9/13,1/1/13,1/1/13,2/1/13
2/10/13,1/1/13,1/1/13,2/1/13
2/11/13,1/1/13,1/1/13,2/1/13
2/12/13,1/1/13,1/1/13,2/1/13
2/13/13,1/1/13,1/1/13,2/1/13
2/14/13,1/1/13,1/1/13,2/1/13
2/15/13,1/1/13,1/1/13,2/1/13
2/16/13,1/1/13,1/1/13,2/1/13
2/17/13,1/1/13,1/1/13,2/1/13
2/18/13,1/1/13,1/1/13,2/1/13
2/19/13,1/1/13,1/1/13,2/1/13
2/20/13,1/1/13,1/1/13,2/1/13
2/21/13,1/1/13,1/1/13,2/1/13
2/22/13,1/1/13,1/1/13,2/1/13
2/23/13,1/1/13,1/1/13,2/1/13
2/24/13,1/1/13,1/1/13,2/1/13
2/25/13,1/1/13,1/1/13,2/1/13
2/26/13,1/1/13,1/1/13,2/1/13
2/27/13,1/1/13,1/1/13,2/1/13
2/28/13,1/1/13,1/1/13,2/1/13
3/1/13,1/1/13,1/1/13,3/1/13
3/2/13,1/1/13,1/1/13,3/1/13
3/3/13,1/1/13,1/1/13,3/1/13
3/4/13,1/1/13,1/1/13,3/1/13
3/5/13,1/1/13,1/1/13,3/1/13
3/6/13,1/1/13,1/1/13,3/1/13
3/7/13,1/1/13,1/1/13,3/1/13
3/8/13,1/1/13,1/1/13,3/1/13
3/9/13,1/1/13,1/1/13,3/1/13
3/10/13,1/1/13,1/1/13,3/1/13
3/11/13,1/1/13,1/1/13,3/1/13
3/12/13,1/1/13,1/1/13,3/1/13
3/13/13,1/1/13,1/1/13,3/1/13
3/14/13,1/1/13,1/1/13,3/1/13
3/15/13,1/1/13,1/1/13,3/1/13
3/16/13,1/1/13,1/1/13,3/1/13
3/17/13,1/1/13,1/1/13,3/1/13
3/18/13,1/1/13,1/1/13,3/1/13
3/19/13,1/1/13,1/1/13,3/1/13
3/20/13,1/1/13,1/1/13,3/1/13
3/21/13,1/1/13,1/1/13,3/1/13
3/22/13,1/1/13,1/1/13,3/1/13
3/23/13,1/1/13,1/1/13,3/1/13
3/24/13,1/1/13,1/1/13,3/1/13
3/25/13,1/1/13,1/1/13,3/1/13
3/26/13,1/1/13,1/1/13,3/1/13
3/27/13,1/1/13,1/1/13,3/1/13
3/28/13,1/1/13,1/1/13,3/1/13
3/29/13,1/1/13,1/1/13,3/1/13
3/30/13,1/1/13,1/1/13,3/1/13
3/31/13,1/1/13,1/1/13,3/1/13
4/1/13,1/1/13,4/1/13,4/1/13
4/2/13,1/1/13,4/1/13,4/1/13
4/3/13,1/1/13,4/1/13,4/1/13
4/4/13,1/1/13,4/1/13,4/1/13
4/5/13,1/1/13,4/1/13,4/1/13
4/6/13,1/1/13,4/1/13,4/1/13
4/7/13,1/1/13,4/1/13,4/1/13
4/8/13,1/1/13,4/1/13,4/1/13
4/9/13,1/1/13,4/1/13,4/1/13
4/10/13,1/1/13,4/1/13,4/1/13
4/11/13,1/1/13,4/1/13,4/1/13
4/12/13,1/1/13,4/1/13,4/1/13
4/13/13,1/1/13,4/1/13,4/1/13
4/14/13,1/1/13,4/1/13,4/1/13
4/15/13,1/1/13,4/1/13,4/1/13
4/16/13,1/1/13,4/1/13,4/1/13
4/17/13,1/1/13,4/1/13,4/1/13
4/18/13,1/1/13,4/1/13,4/1/13
4/19/13,1/1/13,4/1/13,4/1/13
4/20/13,1/1/13,4/1/13,4/1/13
4/21/13,1/1/13,4/1/13,4/1/13
4/22/13,1/1/13,4/1/13,4/1/13
4/23/13,1/1/13,4/1/13,4/1/13
4/24/13,1/1/13,4/1/13,4/1/13
4/25/13,1/1/13,4/1/13,4/1/13
4/26/13,1/1/13,4/1/13,4/1/13
4/27/13,1/1/13,4/1/13,4/1/13
4/28/13,1/1/13,4/1/13,4/1/13
4/29/13,1/1/13,4/1/13,4/1/13
4/30/13,1/1/13,4/1/13,4/1/13
5/1/13,1/1/13,4/1/13,5/1/13
5/2/13,1/1/13,4/1/13,5/1/13
5/3/13,1/1/13,4/1/13,5/1/13
5/4/13,1/1/13,4/1/13,5/1/13
5/5/13,1/1/13,4/1/13,5/1/13
5/6/13,1/1/13,4/1/13,5/1/13
5/7/13,1/1/13,4/1/13,5/1/13
5/8/13,1/1/13,4/1/13,5/1/13
5/9/13,1/1/13,4/1/13,5/1/13
5/10/13,1/1/13,4/1/13,5/1/13
5/11/13,1/1/13,4/1/13,5/1/13
5/12/13,1/1/13,4/1/13,5/1/13
5/13/13,1/1/13,4/1/13,5/1/13
5/14/13,1/1/13,4/1/13,5/1/13
5/15/13,1/1/13,4/1/13,5/1/13
5/16/13,1/1/13,4/1/13,5/1/13
5/17/13,1/1/13,4/1/13,5/1/13
5/18/13,1/1/13,4/1/13,5/1/13
5/19/13,1/1/13,4/1/13,5/1/13
5/20/13,1/1/13,4/1/13,5/1/13
5/21/13,1/1/13,4/1/13,5/1/13
5/22/13,1/1/13,4/1/13,5/1/13
5/23/13,1/1/13,4/1/13,5/1/13
5/24/13,1/1/13,4/1/13,5/1/13
5/25/13,1/1/13,4/1/13,5/1/13
5/26/13,1/1/13,4/1/13,5/1/13
5/27/13,1/1/13,4/1/13,5/1/13
5/28/13,1/1/13,4/1/13,5/1/13
5/29/13,1/1/13,4/1/13,5/1/13
5/30/13,1/1/13,4/1/13,5/1/13
5/31/13,1/1/13,4/1/13,5/1/13
6/1/13,1/1/13,4/1/13,6/1/13
6/2/13,1/1/13,4/1/13,6/1/13
6/3/13,1/1/13,4/1/13,6/1/13
6/4/13,1/1/13,4/1/13,6/1/13
6/5/13,1/1/13,4/1/13,6/1/13
6/6/13,1/1/13,4/1/13,6/1/13
6/7/13,1/1/13,4/1/13,6/1/13
6/8/13,1/1/13,4/1/13,6/1/13
6/9/13,1/1/13,4/1/13,6/1/13
6/10/13,1/1/13,4/1/13,6/1/13
6/11/13,1/1/13,4/1/13,6/1/13
6/12/13,1/1/13,4/1/13,6/1/13
6/13/13,1/1/13,4/1/13,6/1/13
6/14/13,1/1/13,4/1/13,6/1/13
6/15/13,1/1/13,4/1/13,6/1/13
6/16/13,1/1/13,4/1/13,6/1/13
6/17/13,1/1/13,4/1/13,6/1/13
6/18/13,1/1/13,4/1/13,6/1/13
6/19/13,1/1/13,4/1/13,6/1/13
6/20/13,1/1/13,4/1/13,6/1/13
6/21/13,1/1/13,4/1/13,6/1/13
6/22/13,1/1/13,4/1/13,6/1/13
6/23/13,1/1/13,4/1/13,6/1/13
6/24/13,1/1/13,4/1/13,6/1/13
6/25/13,1/1/13,4/1/13,6/1/13
6/26/13,1/1/13,4/1/13,6/1/13
6/27/13,1/1/13,4/1/13,6/1/13
6/28/13,1/1/13,4/1/13,6/1/13
6/29/13,1/1/13,4/1/13,6/1/13
6/30/13,1/1/13,4/1/13,6/1/13
7/1/13,1/1/13,7/1/13,7/1/13
7/2/13,1/1/13,7/1/13,7/1/13
7/3/13,1/1/13,7/1/13,7/1/13
7/4/13,1/1/13,7/1/13,7/1/13
7/5/13,1/1/13,7/1/13,7/1/13
7/6/13,1/1/13,7/1/13,7/1/13
7/7/13,1/1/13,7/1/13,7/1/13
7/8/13,1/1/13,7/1/13,7/1/13
7/9/13,1/1/13,7/1/13,7/1/13
7/10/13,1/1/13,7/1/13,7/1/13
7/11/13,1/1/13,7/1/13,7/1/13
7/12/13,1/1/13,7/1/13,7/1/13
7/13/13,1/1/13,7/1/13,7/1/13
7/14/13,1/1/13,7/1/13,7/1/13
7/15/13,1/1/13,7/1/13,7/1/13
7/16/13,1/1/13,7/1/13,7/1/13
7/17/13,1/1/13,7/1/13,7/1/13
7/18/13,1/1/13,7/1/13,7/1/13
7/19/13,1/1/13,7/1/13,7/1/13
7/20/13,1/1/13,7/1/13,7/1/13
7/21/13,1/1/13,7/1/13,7/1/13
7/22/13,1/1/13,7/1/13,7/1/13
7/23/13,1/1/13,7/1/13,7/1/13
7/24/13,1/1/13,7/1/13,7/1/13
7/25/13,1/1/13,7/1/13,7/1/13
7/26/13,1/1/13,7/1/13,7/1/13
7/27/13,1/1/13,7/1/13,7/1/13
7/28/13,1/1/13,7/1/13,7/1/13
7/29/13,1/1/13,7/1/13,7/1/13
7/30/13,1/1/13,7/1/13,7/1/13
7/31/13,1/1/13,7/1/13,7/1/13
8/1/13,1/1/13,7/1/13,8/1/13
8/2/13,1/1/13,7/1/13,8/1/13
8/3/13,1/1/13,7/1/13,8/1/13
8/4/13,1/1/13,7/1/13,8/1/13
8/5/13,1/1/13,7/1/13,8/1/13
8/6/13,1/1/13,7/1/13,8/1/13
8/7/13,1/1/13,7/1/13,8/1/13
8/8/13,1/1/13,7/1/13,8/1/13
8/9/13,1/1/13,7/1/13,8/1/13
8/10/13,1/1/13,7/1/13,8/1/13
8/11/13,1/1/13,7/1/13,8/1/13
8/12/13,1/1/13,7/1/13,8/1/13
8/13/13,1/1/13,7/1/13,8/1/13
8/14/13,1/1/13,7/1/13,8/1/13
8/15/13,1/1/13,7/1/13,8/1/13
8/16/13,1/1/13,7/1/13,8/1/13
8/17/13,1/1/13,7/1/13,8/1/13
8/18/13,1/1/13,7/1/13,8/1/13
8/19/13,1/1/13,7/1/13,8/1/13
8/20/13,1/1/13,7/1/13,8/1/13
8/21/13,1/1/13,7/1/13,8/1/13
8/22/13,1/1/13,7/1/13,8/1/13
8/23/13,1/1/13,7/1/13,8/1/13
8/24/13,1/1/13,7/1/13,8/1/13
8/25/13,1/1/13,7/1/13,8/1/13
8/26/13,1/1/13,7/1/13,8/1/13
8/27/13,1/1/13,7/1/13,8/1/13
8/28/13,1/1/13,7/1/13,8/1/13
8/29/13,1/1/13,7/1/13,8/1/13
8/30/13,1/1/13,7/1/13,8/1/13
8/31/13,1/1/13,7/1/13,8/1/13
9/1/13,1/1/13,7/1/13,9/1/13
9/2/13,1/1/13,7/1/13,9/1/13
9/3/13,1/1/13,7/1/13,9/1/13
9/4/13,1/1/13,7/1/13,9/1/13
9/5/13,1/1/13,7/1/13,9/1/13
9/6/13,1/1/13,7/1/13,9/1/13
9/7/13,1/1/13,7/1/13,9/1/13
9/8/13,1/1/13,7/1/13,9/1/13
9/9/13,1/1/13,7/1/13,9/1/13
9/10/13,1/1/13,7/1/13,9/1/13
9/11/13,1/1/13,7/1/13,9/1/13
9/12/13,1/1/13,7/1/13,9/1/13
9/13/13,1/1/13,7/1/13,9/1/13
9/14/13,1/1/13,7/1/13,9/1/13
9/15/13,1/1/13,7/1/13,9/1/13
9/16/13,1/1/13,7/1/13,9/1/13
9/17/13,1/1/13,7/1/13,9/1/13
9/18/13,1/1/13,7/1/13,9/1/13
9/19/13,1/1/13,7/1/13,9/1/13
9/20/13,1/1/13,7/1/13,9/1/13
9/21/13,1/1/13,7/1/13,9/1/13
9/22/13,1/1/13,7/1/13,9/1/13
9/23/13,1/1/13,7/1/13,9/1/13
9/24/13,1/1/13,7/1/13,9/1/13
9/25/13,1/1/13,7/1/13,9/1/13
9/26/13,1/1/13,7/1/13,9/1/13
9/27/13,1/1/13,7/1/13,9/1/13
9/28/13,1/1/13,7/1/13,9/1/13
9/29/13,1/1/13,7/1/13,9/1/13
9/30/13,1/1/13,7/1/13,9/1/13
10/1/13,1/1/13,10/1/13,10/1/13
10/2/13,1/1/13,10/1/13,10/1/13
10/3/13,1/1/13,10/1/13,10/1/13
10/4/13,1/1/13,10/1/13,10/1/13
10/5/13,1/1/13,10/1/13,10/1/13
10/6/13,1/1/13,10/1/13,10/1/13
10/7/13,1/1/13,10/1/13,10/1/13
10/8/13,1/1/13,10/1/13,10/1/13
10/9/13,1/1/13,10/1/13,10/1/13
10/10/13,1/1/13,10/1/13,10/1/13
10/11/13,1/1/13,10/1/13,10/1/13
10/12/13,1/1/13,10/1/13,10/1/13
10/13/13,1/1/13,10/1/13,10/1/13
10/14/13,1/1/13,10/1/13,10/1/13
10/15/13,1/1/13,10/1/13,10/1/13
10/16/13,1/1/13,10/1/13,10/1/13
10/17/13,1/1/13,10/1/13,10/1/13
10/18/13,1/1/13,10/1/13,10/1/13
10/19/13,1/1/13,10/1/13,10/1/13
10/20/13,1/1/13,10/1/13,10/1/13
10/21/13,1/1/13,10/1/13,10/1/13
10/22/13,1/1/13,10/1/13,10/1/13
10/23/13,1/1/13,10/1/13,10/1/13
10/24/13,1/1/13,10/1/13,10/1/13
10/25/13,1/1/13,10/1/13,10/1/13
10/26/13,1/1/13,10/1/13,10/1/13
10/27/13,1/1/13,10/1/13,10/1/13
10/28/13,1/1/13,10/1/13,10/1/13
10/29/13,1/1/13,10/1/13,10/1/13
10/30/13,1/1/13,10/1/13,10/1/13
10/31/13,1/1/13,10/1/13,10/1/13
11/1/13,1/1/13,10/1/13,11/1/13
11/2/13,1/1/13,10/1/13,11/1/13
11/3/13,1/1/13,10/1/13,11/1/13
11/4/13,1/1/13,10/1/13,11/1/13
11/5/13,1/1/13,10/1/13,11/1/13
11/6/13,1/1/13,10/1/13,11/1/13
11/7/13,1/1/13,10/1/13,11/1/13
11/8/13,1/1/13,10/1/13,11/1/13
11/9/13,1/1/13,10/1/13,11/1/13
11/10/13,1/1/13,10/1/13,11/1/13
11/11/13,1/1/13,10/1/13,11/1/13
11/12/13,1/1/13,10/1/13,11/1/13
11/13/13,1/1/13,10/1/13,11/1/13
11/14/13,1/1/13,10/1/13,11/1/13
11/15/13,1/1/13,10/1/13,11/1/13
11/16/13,1/1/13,10/1/13,11/1/13
11/17/13,1/1/13,10/1/13,11/1/13
11/18/13,1/1/13,10/1/13,11/1/13
11/19/13,1/1/13,10/1/13,11/1/13
11/20/13,1/1/13,10/1/13,11/1/13
11/21/13,1/1/13,10/1/13,11/1/13
11/22/13,1/1/13,10/1/13,11/1/13
11/23/13,1/1/13,10/1/13,11/1/13
11/24/13,1/1/13,10/1/13,11/1/13
11/25/13,1/1/13,10/1/13,11/1/13
11/26/13,1/1/13,10/1/13,11/1/13
11/27/13,1/1/13,10/1/13,11/1/13
11/28/13,1/1/13,10/1/13,11/1/13
11/29/13,1/1/13,10/1/13,11/1/13
11/30/13,1/1/13,10/1/13,11/1/13
12/1/13,1/1/13,10/1/13,12/1/13
12/2/13,1/1/13,10/1/13,12/1/13
12/3/13,1/1/13,10/1/13,12/1/13
12/4/13,1/1/13,10/1/13,12/1/13
12/5/13,1/1/13,10/1/13,12/1/13
12/6/13,1/1/13,10/1/13,12/1/13
12/7/13,1/1/13,10/1/13,12/1/13
12/8/13,1/1/13,10/1/13,12/1/13
12/9/13,1/1/13,10/1/13,12/1/13
12/10/13,1/1/13,10/1/13,12/1/13
12/11/13,1/1/13,10/1/13,12/1/13
12/12/13,1/1/13,10/1/13,12/1/13
12/13/13,1/1/13,10/1/13,12/1/13
12/14/13,1/1/13,10/1/13,12/1/13
12/15/13,1/1/13,10/1/13,12/1/13
12/16/13,1/1/13,10/1/13,12/1/13
12/17/13,1/1/13,10/1/13,12/1/13
12/18/13,1/1/13,10/1/13,12/1/13
12/19/13,1/1/13,10/1/13,12/1/13
12/20/13,1/1/13,10/1/13,12/1/13
12/21/13,1/1/13,10/1/13,12/1/13
12/22/13,1/1/13,10/1/13,12/1/13
12/23/13,1/1/13,10/1/13,12/1/13
12/24/13,1/1/13,10/1/13,12/1/13
12/25/13,1/1/13,10/1/13,12/1/13
12/26/13,1/1/13,10/1/13,12/1/13
12/27/13,1/1/13,10/1/13,12/1/13
12/28/13,1/1/13,10/1/13,12/1/13
12/29/13,1/1/13,10/1/13,12/1/13
12/30/13,1/1/13,10/1/13,12/1/13
12/31/13,1/1/13,10/1/13,12/1/13
1/1/14,1/1/14,1/1/14,1/1/14
1/2/14,1/1/14,1/1/14,1/1/14
1/3/14,1/1/14,1/1/14,1/1/14
1/4/14,1/1/14,1/1/14,1/1/14
1/5/14,1/1/14,1/1/14,1/1/14
1/6/14,1/1/14,1/1/14,1/1/14
1/7/14,1/1/14,1/1/14,1/1/14
1/8/14,1/1/14,1/1/14,1/1/14
1/9/14,1/1/14,1/1/14,1/1/14
1/10/14,1/1/14,1/1/14,1/1/14
1/11/14,1/1/14,1/1/14,1/1/14
1/12/14,1/1/14,1/1/14,1/1/14
1/13/14,1/1/14,1/1/14,1/1/14
1/14/14,1/1/14,1/1/14,1/1/14
1/15/14,1/1/14,1/1/14,1/1/14
1/16/14,1/1/14,1/1/14,1/1/14
1/17/14,1/1/14,1/1/14,1/1/14
1/18/14,1/1/14,1/1/14,1/1/14
1/19/14,1/1/14,1/1/14,1/1/14
1/20/14,1/1/14,1/1/14,1/1/14
1/21/14,1/1/14,1/1/14,1/1/14
1/22/14,1/1/14,1/1/14,1/1/14
1/23/14,1/1/14,1/1/14,1/1/14
1/24/14,1/1/14,1/1/14,1/1/14
1/25/14,1/1/14,1/1/14,1/1/14
1/26/14,1/1/14,1/1/14,1/1/14
1/27/14,1/1/14,1/1/14,1/1/14
1/28/14,1/1/14,1/1/14,1/1/14
1/29/14,1/1/14,1/1/14,1/1/14
1/30/14,1/1/14,1/1/14,1/1/14
1/31/14,1/1/14,1/1/14,1/1/14
2/1/14,1/1/14,1/1/14,2/1/14
2/2/14,1/1/14,1/1/14,2/1/14
2/3/14,1/1/14,1/1/14,2/1/14
2/4/14,1/1/14,1/1/14,2/1/14
2/5/14,1/1/14,1/1/14,2/1/14
2/6/14,1/1/14,1/1/14,2/1/14
2/7/14,1/1/14,1/1/14,2/1/14
2/8/14,1/1/14,1/1/14,2/1/14
2/9/14,1/1/14,1/1/14,2/1/14
2/10/14,1/1/14,1/1/14,2/1/14
2/11/14,1/1/14,1/1/14,2/1/14
2/12/14,1/1/14,1/1/14,2/1/14
2/13/14,1/1/14,1/1/14,2/1/14
2/14/14,1/1/14,1/1/14,2/1/14
2/15/14,1/1/14,1/1/14,2/1/14
2/16/14,1/1/14,1/1/14,2/1/14
2/17/14,1/1/14,1/1/14,2/1/14
2/18/14,1/1/14,1/1/14,2/1/14
2/19/14,1/1/14,1/1/14,2/1/14
2/20/14,1/1/14,1/1/14,2/1/14
2/21/14,1/1/14,1/1/14,2/1/14
2/22/14,1/1/14,1/1/14,2/1/14
2/23/14,1/1/14,1/1/14,2/1/14
2/24/14,1/1/14,1/1/14,2/1/14
2/25/14,1/1/14,1/1/14,2/1/14
2/26/14,1/1/14,1/1/14,2/1/14
2/27/14,1/1/14,1/1/14,2/1/14
2/28/14,1/1/14,1/1/14,2/1/14
3/1/14,1/1/14,1/1/14,3/1/14
3/2/14,1/1/14,1/1/14,3/1/14
3/3/14,1/1/14,1/1/14,3/1/14
3/4/14,1/1/14,1/1/14,3/1/14
3/5/14,1/1/14,1/1/14,3/1/14
3/6/14,1/1/14,1/1/14,3/1/14
3/7/14,1/1/14,1/1/14,3/1/14
3/8/14,1/1/14,1/1/14,3/1/14
3/9/14,1/1/14,1/1/14,3/1/14
3/10/14,1/1/14,1/1/14,3/1/14
3/11/14,1/1/14,1/1/14,3/1/14
3/12/14,1/1/14,1/1/14,3/1/14
3/13/14,1/1/14,1/1/14,3/1/14
3/14/14,1/1/14,1/1/14,3/1/14
3/15/14,1/1/14,1/1/14,3/1/14
3/16/14,1/1/14,1/1/14,3/1/14
3/17/14,1/1/14,1/1/14,3/1/14
3/18/14,1/1/14,1/1/14,3/1/14
3/19/14,1/1/14,1/1/14,3/1/14
3/20/14,1/1/14,1/1/14,3/1/14
3/21/14,1/1/14,1/1/14,3/1/14
3/22/14,1/1/14,1/1/14,3/1/14
3/23/14,1/1/14,1/1/14,3/1/14
3/24/14,1/1/14,1/1/14,3/1/14
3/25/14,1/1/14,1/1/14,3/1/14
3/26/14,1/1/14,1/1/14,3/1/14
3/27/14,1/1/14,1/1/14,3/1/14
3/28/14,1/1/14,1/1/14,3/1/14
3/29/14,1/1/14,1/1/14,3/1/14
3/30/14,1/1/14,1/1/14,3/1/14
3/31/14,1/1/14,1/1/14,3/1/14
4/1/14,1/1/14,4/1/14,4/1/14
4/2/14,1/1/14,4/1/14,4/1/14
4/3/14,1/1/14,4/1/14,4/1/14
4/4/14,1/1/14,4/1/14,4/1/14
4/5/14,1/1/14,4/1/14,4/1/14
4/6/14,1/1/14,4/1/14,4/1/14
4/7/14,1/1/14,4/1/14,4/1/14
4/8/14,1/1/14,4/1/14,4/1/14
4/9/14,1/1/14,4/1/14,4/1/14
4/10/14,1/1/14,4/1/14,4/1/14
4/11/14,1/1/14,4/1/14,4/1/14
4/12/14,1/1/14,4/1/14,4/1/14
4/13/14,1/1/14,4/1/14,4/1/14
4/14/14,1/1/14,4/1/14,4/1/14
4/15/14,1/1/14,4/1/14,4/1/14
4/16/14,1/1/14,4/1/14,4/1/14
4/17/14,1/1/14,4/1/14,4/1/14
4/18/14,1/1/14,4/1/14,4/1/14
4/19/14,1/1/14,4/1/14,4/1/14
4/20/14,1/1/14,4/1/14,4/1/14
4/21/14,1/1/14,4/1/14,4/1/14
4/22/14,1/1/14,4/1/14,4/1/14
4/23/14,1/1/14,4/1/14,4/1/14
4/24/14,1/1/14,4/1/14,4/1/14
4/25/14,1/1/14,4/1/14,4/1/14
4/26/14,1/1/14,4/1/14,4/1/14
4/27/14,1/1/14,4/1/14,4/1/14
4/28/14,1/1/14,4/1/14,4/1/14
4/29/14,1/1/14,4/1/14,4/1/14
4/30/14,1/1/14,4/1/14,4/1/14
5/1/14,1/1/14,4/1/14,5/1/14
5/2/14,1/1/14,4/1/14,5/1/14
5/3/14,1/1/14,4/1/14,5/1/14
5/4/14,1/1/14,4/1/14,5/1/14
5/5/14,1/1/14,4/1/14,5/1/14
5/6/14,1/1/14,4/1/14,5/1/14
5/7/14,1/1/14,4/1/14,5/1/14
5/8/14,1/1/14,4/1/14,5/1/14
5/9/14,1/1/14,4/1/14,5/1/14
5/10/14,1/1/14,4/1/14,5/1/14
5/11/14,1/1/14,4/1/14,5/1/14
5/12/14,1/1/14,4/1/14,5/1/14
5/13/14,1/1/14,4/1/14,5/1/14
5/14/14,1/1/14,4/1/14,5/1/14
5/15/14,1/1/14,4/1/14,5/1/14
5/16/14,1/1/14,4/1/14,5/1/14
5/17/14,1/1/14,4/1/14,5/1/14
5/18/14,1/1/14,4/1/14,5/1/14
5/19/14,1/1/14,4/1/14,5/1/14
5/20/14,1/1/14,4/1/14,5/1/14
5/21/14,1/1/14,4/1/14,5/1/14
5/22/14,1/1/14,4/1/14,5/1/14
5/23/14,1/1/14,4/1/14,5/1/14
5/24/14,1/1/14,4/1/14,5/1/14
5/25/14,1/1/14,4/1/14,5/1/14
5/26/14,1/1/14,4/1/14,5/1/14
5/27/14,1/1/14,4/1/14,5/1/14
5/28/14,1/1/14,4/1/14,5/1/14
5/29/14,1/1/14,4/1/14,5/1/14
5/30/14,1/1/14,4/1/14,5/1/14
5/31/14,1/1/14,4/1/14,5/1/14
6/1/14,1/1/14,4/1/14,6/1/14
6/2/14,1/1/14,4/1/14,6/1/14
6/3/14,1/1/14,4/1/14,6/1/14
6/4/14,1/1/14,4/1/14,6/1/14
6/5/14,1/1/14,4/1/14,6/1/14
6/6/14,1/1/14,4/1/14,6/1/14
6/7/14,1/1/14,4/1/14,6/1/14
6/8/14,1/1/14,4/1/14,6/1/14
6/9/14,1/1/14,4/1/14,6/1/14
6/10/14,1/1/14,4/1/14,6/1/14
6/11/14,1/1/14,4/1/14,6/1/14
6/12/14,1/1/14,4/1/14,6/1/14
6/13/14,1/1/14,4/1/14,6/1/14
6/14/14,1/1/14,4/1/14,6/1/14
6/15/14,1/1/14,4/1/14,6/1/14
6/16/14,1/1/14,4/1/14,6/1/14
6/17/14,1/1/14,4/1/14,6/1/14
6/18/14,1/1/14,4/1/14,6/1/14
6/19/14,1/1/14,4/1/14,6/1/14
6/20/14,1/1/14,4/1/14,6/1/14
6/21/14,1/1/14,4/1/14,6/1/14
6/22/14,1/1/14,4/1/14,6/1/14
6/23/14,1/1/14,4/1/14,6/1/14
6/24/14,1/1/14,4/1/14,6/1/14
6/25/14,1/1/14,4/1/14,6/1/14
6/26/14,1/1/14,4/1/14,6/1/14
6/27/14,1/1/14,4/1/14,6/1/14
6/28/14,1/1/14,4/1/14,6/1/14
6/29/14,1/1/14,4/1/14,6/1/14
6/30/14,1/1/14,4/1/14,6/1/14
7/1/14,1/1/14,7/1/14,7/1/14
7/2/14,1/1/14,7/1/14,7/1/14
7/3/14,1/1/14,7/1/14,7/1/14
7/4/14,1/1/14,7/1/14,7/1/14
7/5/14,1/1/14,7/1/14,7/1/14
7/6/14,1/1/14,7/1/14,7/1/14
7/7/14,1/1/14,7/1/14,7/1/14
7/8/14,1/1/14,7/1/14,7/1/14
7/9/14,1/1/14,7/1/14,7/1/14
7/10/14,1/1/14,7/1/14,7/1/14
7/11/14,1/1/14,7/1/14,7/1/14
7/12/14,1/1/14,7/1/14,7/1/14
7/13/14,1/1/14,7/1/14,7/1/14
7/14/14,1/1/14,7/1/14,7/1/14
7/15/14,1/1/14,7/1/14,7/1/14
7/16/14,1/1/14,7/1/14,7/1/14
7/17/14,1/1/14,7/1/14,7/1/14
7/18/14,1/1/14,7/1/14,7/1/14
7/19/14,1/1/14,7/1/14,7/1/14
7/20/14,1/1/14,7/1/14,7/1/14
7/21/14,1/1/14,7/1/14,7/1/14
7/22/14,1/1/14,7/1/14,7/1/14
7/23/14,1/1/14,7/1/14,7/1/14
7/24/14,1/1/14,7/1/14,7/1/14
7/25/14,1/1/14,7/1/14,7/1/14
7/26/14,1/1/14,7/1/14,7/1/14
7/27/14,1/1/14,7/1/14,7/1/14
7/28/14,1/1/14,7/1/14,7/1/14
7/29/14,1/1/14,7/1/14,7/1/14
7/30/14,1/1/14,7/1/14,7/1/14
7/31/14,1/1/14,7/1/14,7/1/14
8/1/14,1/1/14,7/1/14,8/1/14
8/2/14,1/1/14,7/1/14,8/1/14
8/3/14,1/1/14,7/1/14,8/1/14
8/4/14,1/1/14,7/1/14,8/1/14
8/5/14,1/1/14,7/1/14,8/1/14
8/6/14,1/1/14,7/1/14,8/1/14
8/7/14,1/1/14,7/1/14,8/1/14
8/8/14,1/1/14,7/1/14,8/1/14
8/9/14,1/1/14,7/1/14,8/1/14
8/10/14,1/1/14,7/1/14,8/1/14
8/11/14,1/1/14,7/1/14,8/1/14
8/12/14,1/1/14,7/1/14,8/1/14
8/13/14,1/1/14,7/1/14,8/1/14
8/14/14,1/1/14,7/1/14,8/1/14
8/15/14,1/1/14,7/1/14,8/1/14
8/16/14,1/1/14,7/1/14,8/1/14
8/17/14,1/1/14,7/1/14,8/1/14
8/18/14,1/1/14,7/1/14,8/1/14
8/19/14,1/1/14,7/1/14,8/1/14
8/20/14,1/1/14,7/1/14,8/1/14
8/21/14,1/1/14,7/1/14,8/1/14
8/22/14,1/1/14,7/1/14,8/1/14
8/23/14,1/1/14,7/1/14,8/1/14
8/24/14,1/1/14,7/1/14,8/1/14
8/25/14,1/1/14,7/1/14,8/1/14
8/26/14,1/1/14,7/1/14,8/1/14
8/27/14,1/1/14,7/1/14,8/1/14
8/28/14,1/1/14,7/1/14,8/1/14
8/29/14,1/1/14,7/1/14,8/1/14
8/30/14,1/1/14,7/1/14,8/1/14
8/31/14,1/1/14,7/1/14,8/1/14
9/1/14,1/1/14,7/1/14,9/1/14
9/2/14,1/1/14,7/1/14,9/1/14
9/3/14,1/1/14,7/1/14,9/1/14
9/4/14,1/1/14,7/1/14,9/1/14
9/5/14,1/1/14,7/1/14,9/1/14
9/6/14,1/1/14,7/1/14,9/1/14
9/7/14,1/1/14,7/1/14,9/1/14
9/8/14,1/1/14,7/1/14,9/1/14
9/9/14,1/1/14,7/1/14,9/1/14
9/10/14,1/1/14,7/1/14,9/1/14
9/11/14,1/1/14,7/1/14,9/1/14
9/12/14,1/1/14,7/1/14,9/1/14
9/13/14,1/1/14,7/1/14,9/1/14
9/14/14,1/1/14,7/1/14,9/1/14
9/15/14,1/1/14,7/1/14,9/1/14
9/16/14,1/1/14,7/1/14,9/1/14
9/17/14,1/1/14,7/1/14,9/1/14
9/18/14,1/1/14,7/1/14,9/1/14
9/19/14,1/1/14,7/1/14,9/1/14
9/20/14,1/1/14,7/1/14,9/1/14
9/21/14,1/1/14,7/1/14,9/1/14
9/22/14,1/1/14,7/1/14,9/1/14
9/23/14,1/1/14,7/1/14,9/1/14
9/24/14,1/1/14,7/1/14,9/1/14
9/25/14,1/1/14,7/1/14,9/1/14
9/26/14,1/1/14,7/1/14,9/1/14
9/27/14,1/1/14,7/1/14,9/1/14
9/28/14,1/1/14,7/1/14,9/1/14
9/29/14,1/1/14,7/1/14,9/1/14
9/30/14,1/1/14,7/1/14,9/1/14
10/1/14,1/1/14,10/1/14,10/1/14
10/2/14,1/1/14,10/1/14,10/1/14
10/3/14,1/1/14,10/1/14,10/1/14
10/4/14,1/1/14,10/1/14,10/1/14
10/5/14,1/1/14,10/1/14,10/1/14
10/6/14,1/1/14,10/1/14,10/1/14
10/7/14,1/1/14,10/1/14,10/1/14
10/8/14,1/1/14,10/1/14,10/1/14
10/9/14,1/1/14,10/1/14,10/1/14
10/10/14,1/1/14,10/1/14,10/1/14
10/11/14,1/1/14,10/1/14,10/1/14
10/12/14,1/1/14,10/1/14,10/1/14
10/13/14,1/1/14,10/1/14,10/1/14
10/14/14,1/1/14,10/1/14,10/1/14
10/15/14,1/1/14,10/1/14,10/1/14
10/16/14,1/1/14,10/1/14,10/1/14
10/17/14,1/1/14,10/1/14,10/1/14
10/18/14,1/1/14,10/1/14,10/1/14
10/19/14,1/1/14,10/1/14,10/1/14
10/20/14,1/1/14,10/1/14,10/1/14
10/21/14,1/1/14,10/1/14,10/1/14
10/22/14,1/1/14,10/1/14,10/1/14
10/23/14,1/1/14,10/1/14,10/1/14
10/24/14,1/1/14,10/1/14,10/1/14
10/25/14,1/1/14,10/1/14,10/1/14
10/26/14,1/1/14,10/1/14,10/1/14
10/27/14,1/1/14,10/1/14,10/1/14
10/28/14,1/1/14,10/1/14,10/1/14
10/29/14,1/1/14,10/1/14,10/1/14
10/30/14,1/1/14,10/1/14,10/1/14
10/31/14,1/1/14,10/1/14,10/1/14
11/1/14,1/1/14,10/1/14,11/1/14
11/2/14,1/1/14,10/1/14,11/1/14
11/3/14,1/1/14,10/1/14,11/1/14
11/4/14,1/1/14,10/1/14,11/1/14
11/5/14,1/1/14,10/1/14,11/1/14
11/6/14,1/1/14,10/1/14,11/1/14
11/7/14,1/1/14,10/1/14,11/1/14
11/8/14,1/1/14,10/1/14,11/1/14
11/9/14,1/1/14,10/1/14,11/1/14
11/10/14,1/1/14,10/1/14,11/1/14
11/11/14,1/1/14,10/1/14,11/1/14
11/12/14,1/1/14,10/1/14,11/1/14
11/13/14,1/1/14,10/1/14,11/1/14
11/14/14,1/1/14,10/1/14,11/1/14
11/15/14,1/1/14,10/1/14,11/1/14
11/16/14,1/1/14,10/1/14,11/1/14
11/17/14,1/1/14,10/1/14,11/1/14
11/18/14,1/1/14,10/1/14,11/1/14
11/19/14,1/1/14,10/1/14,11/1/14
11/20/14,1/1/14,10/1/14,11/1/14
11/21/14,1/1/14,10/1/14,11/1/14
11/22/14,1/1/14,10/1/14,11/1/14
11/23/14,1/1/14,10/1/14,11/1/14
11/24/14,1/1/14,10/1/14,11/1/14
11/25/14,1/1/14,10/1/14,11/1/14
11/26/14,1/1/14,10/1/14,11/1/14
11/27/14,1/1/14,10/1/14,11/1/14
11/28/14,1/1/14,10/1/14,11/1/14
11/29/14,1/1/14,10/1/14,11/1/14
11/30/14,1/1/14,10/1/14,11/1/14
12/1/14,1/1/14,10/1/14,12/1/14
12/2/14,1/1/14,10/1/14,12/1/14
12/3/14,1/1/14,10/1/14,12/1/14
12/4/14,1/1/14,10/1/14,12/1/14
12/5/14,1/1/14,10/1/14,12/1/14
12/6/14,1/1/14,10/1/14,12/1/14
12/7/14,1/1/14,10/1/14,12/1/14
12/8/14,1/1/14,10/1/14,12/1/14
12/9/14,1/1/14,10/1/14,12/1/14
12/10/14,1/1/14,10/1/14,12/1/14
12/11/14,1/1/14,10/1/14,12/1/14
12/12/14,1/1/14,10/1/14,12/1/14
12/13/14,1/1/14,10/1/14,12/1/14
12/14/14,1/1/14,10/1/14,12/1/14
12/15/14,1/1/14,10/1/14,12/1/14
12/16/14,1/1/14,10/1/14,12/1/14
12/17/14,1/1/14,10/1/14,12/1/14
12/18/14,1/1/14,10/1/14,12/1/14
12/19/14,1/1/14,10/1/14,12/1/14
12/20/14,1/1/14,10/1/14,12/1/14
12/21/14,1/1/14,10/1/14,12/1/14
12/22/14,1/1/14,10/1/14,12/1/14
12/23/14,1/1/14,10/1/14,12/1/14
12/24/14,1/1/14,10/1/14,12/1/14
12/25/14,1/1/14,10/1/14,12/1/14
12/26/14,1/1/14,10/1/14,12/1/14
12/27/14,1/1/14,10/1/14,12/1/14
12/28/14,1/1/14,10/1/14,12/1/14
12/29/14,1/1/14,10/1/14,12/1/14
12/30/14,1/1/14,10/1/14,12/1/14
12/31/14,1/1/14,10/1/14,12/1/14
1/1/15,1/1/15,1/1/15,1/1/15
1/2/15,1/1/15,1/1/15,1/1/15
1/3/15,1/1/15,1/1/15,1/1/15
1/4/15,1/1/15,1/1/15,1/1/15
1/5/15,1/1/15,1/1/15,1/1/15
1/6/15,1/1/15,1/1/15,1/1/15
1/7/15,1/1/15,1/1/15,1/1/15
1/8/15,1/1/15,1/1/15,1/1/15
1/9/15,1/1/15,1/1/15,1/1/15
1/10/15,1/1/15,1/1/15,1/1/15
1/11/15,1/1/15,1/1/15,1/1/15
1/12/15,1/1/15,1/1/15,1/1/15
1/13/15,1/1/15,1/1/15,1/1/15
1/14/15,1/1/15,1/1/15,1/1/15
1/15/15,1/1/15,1/1/15,1/1/15
1/16/15,1/1/15,1/1/15,1/1/15
1/17/15,1/1/15,1/1/15,1/1/15
1/18/15,1/1/15,1/1/15,1/1/15
1/19/15,1/1/15,1/1/15,1/1/15
1/20/15,1/1/15,1/1/15,1/1/15
1/21/15,1/1/15,1/1/15,1/1/15
1/22/15,1/1/15,1/1/15,1/1/15
1/23/15,1/1/15,1/1/15,1/1/15
1/24/15,1/1/15,1/1/15,1/1/15
1/25/15,1/1/15,1/1/15,1/1/15
1/26/15,1/1/15,1/1/15,1/1/15
1/27/15,1/1/15,1/1/15,1/1/15
1/28/15,1/1/15,1/1/15,1/1/15
1/29/15,1/1/15,1/1/15,1/1/15
1/30/15,1/1/15,1/1/15,1/1/15
1/31/15,1/1/15,1/1/15,1/1/15
2/1/15,1/1/15,1/1/15,2/1/15
2/2/15,1/1/15,1/1/15,2/1/15
2/3/15,1/1/15,1/1/15,2/1/15
2/4/15,1/1/15,1/1/15,2/1/15
2/5/15,1/1/15,1/1/15,2/1/15
2/6/15,1/1/15,1/1/15,2/1/15
2/7/15,1/1/15,1/1/15,2/1/15
2/8/15,1/1/15,1/1/15,2/1/15
2/9/15,1/1/15,1/1/15,2/1/15
2/10/15,1/1/15,1/1/15,2/1/15
2/11/15,1/1/15,1/1/15,2/1/15
2/12/15,1/1/15,1/1/15,2/1/15
2/13/15,1/1/15,1/1/15,2/1/15
2/14/15,1/1/15,1/1/15,2/1/15
2/15/15,1/1/15,1/1/15,2/1/15
2/16/15,1/1/15,1/1/15,2/1/15
2/17/15,1/1/15,1/1/15,2/1/15
2/18/15,1/1/15,1/1/15,2/1/15
2/19/15,1/1/15,1/1/15,2/1/15
2/20/15,1/1/15,1/1/15,2/1/15
2/21/15,1/1/15,1/1/15,2/1/15
2/22/15,1/1/15,1/1/15,2/1/15
2/23/15,1/1/15,1/1/15,2/1/15
2/24/15,1/1/15,1/1/15,2/1/15
2/25/15,1/1/15,1/1/15,2/1/15
2/26/15,1/1/15,1/1/15,2/1/15
2/27/15,1/1/15,1/1/15,2/1/15
2/28/15,1/1/15,1/1/15,2/1/15
3/1/15,1/1/15,1/1/15,3/1/15
3/2/15,1/1/15,1/1/15,3/1/15
3/3/15,1/1/15,1/1/15,3/1/15
3/4/15,1/1/15,1/1/15,3/1/15
3/5/15,1/1/15,1/1/15,3/1/15
3/6/15,1/1/15,1/1/15,3/1/15
3/7/15,1/1/15,1/1/15,3/1/15
3/8/15,1/1/15,1/1/15,3/1/15
3/9/15,1/1/15,1/1/15,3/1/15
3/10/15,1/1/15,1/1/15,3/1/15
3/11/15,1/1/15,1/1/15,3/1/15
3/12/15,1/1/15,1/1/15,3/1/15
3/13/15,1/1/15,1/1/15,3/1/15
3/14/15,1/1/15,1/1/15,3/1/15
3/15/15,1/1/15,1/1/15,3/1/15
3/16/15,1/1/15,1/1/15,3/1/15
3/17/15,1/1/15,1/1/15,3/1/15
3/18/15,1/1/15,1/1/15,3/1/15
3/19/15,1/1/15,1/1/15,3/1/15
3/20/15,1/1/15,1/1/15,3/1/15
3/21/15,1/1/15,1/1/15,3/1/15
3/22/15,1/1/15,1/1/15,3/1/15
3/23/15,1/1/15,1/1/15,3/1/15
3/24/15,1/1/15,1/1/15,3/1/15
3/25/15,1/1/15,1/1/15,3/1/15
3/26/15,1/1/15,1/1/15,3/1/15
3/27/15,1/1/15,1/1/15,3/1/15
3/28/15,1/1/15,1/1/15,3/1/15
3/29/15,1/1/15,1/1/15,3/1/15
3/30/15,1/1/15,1/1/15,3/1/15
3/31/15,1/1/15,1/1/15,3/1/15
4/1/15,1/1/15,4/1/15,4/1/15
4/2/15,1/1/15,4/1/15,4/1/15
4/3/15,1/1/15,4/1/15,4/1/15
4/4/15,1/1/15,4/1/15,4/1/15
4/5/15,1/1/15,4/1/15,4/1/15
4/6/15,1/1/15,4/1/15,4/1/15
4/7/15,1/1/15,4/1/15,4/1/15
4/8/15,1/1/15,4/1/15,4/1/15
4/9/15,1/1/15,4/1/15,4/1/15
4/10/15,1/1/15,4/1/15,4/1/15
4/11/15,1/1/15,4/1/15,4/1/15
4/12/15,1/1/15,4/1/15,4/1/15
4/13/15,1/1/15,4/1/15,4/1/15
4/14/15,1/1/15,4/1/15,4/1/15
4/15/15,1/1/15,4/1/15,4/1/15
4/16/15,1/1/15,4/1/15,4/1/15
4/17/15,1/1/15,4/1/15,4/1/15
4/18/15,1/1/15,4/1/15,4/1/15
4/19/15,1/1/15,4/1/15,4/1/15
4/20/15,1/1/15,4/1/15,4/1/15
4/21/15,1/1/15,4/1/15,4/1/15
4/22/15,1/1/15,4/1/15,4/1/15
4/23/15,1/1/15,4/1/15,4/1/15
4/24/15,1/1/15,4/1/15,4/1/15
4/25/15,1/1/15,4/1/15,4/1/15
4/26/15,1/1/15,4/1/15,4/1/15
4/27/15,1/1/15,4/1/15,4/1/15
4/28/15,1/1/15,4/1/15,4/1/15
4/29/15,1/1/15,4/1/15,4/1/15
4/30/15,1/1/15,4/1/15,4/1/15
5/1/15,1/1/15,4/1/15,5/1/15
5/2/15,1/1/15,4/1/15,5/1/15
5/3/15,1/1/15,4/1/15,5/1/15
5/4/15,1/1/15,4/1/15,5/1/15
5/5/15,1/1/15,4/1/15,5/1/15
5/6/15,1/1/15,4/1/15,5/1/15
5/7/15,1/1/15,4/1/15,5/1/15
5/8/15,1/1/15,4/1/15,5/1/15
5/9/15,1/1/15,4/1/15,5/1/15
5/10/15,1/1/15,4/1/15,5/1/15
5/11/15,1/1/15,4/1/15,5/1/15
5/12/15,1/1/15,4/1/15,5/1/15
5/13/15,1/1/15,4/1/15,5/1/15
5/14/15,1/1/15,4/1/15,5/1/15
5/15/15,1/1/15,4/1/15,5/1/15
5/16/15,1/1/15,4/1/15,5/1/15
5/17/15,1/1/15,4/1/15,5/1/15
5/18/15,1/1/15,4/1/15,5/1/15
5/19/15,1/1/15,4/1/15,5/1/15
5/20/15,1/1/15,4/1/15,5/1/15
5/21/15,1/1/15,4/1/15,5/1/15
5/22/15,1/1/15,4/1/15,5/1/15
5/23/15,1/1/15,4/1/15,5/1/15
5/24/15,1/1/15,4/1/15,5/1/15
5/25/15,1/1/15,4/1/15,5/1/15
5/26/15,1/1/15,4/1/15,5/1/15
5/27/15,1/1/15,4/1/15,5/1/15
5/28/15,1/1/15,4/1/15,5/1/15
5/29/15,1/1/15,4/1/15,5/1/15
5/30/15,1/1/15,4/1/15,5/1/15
5/31/15,1/1/15,4/1/15,5/1/15
6/1/15,1/1/15,4/1/15,6/1/15
6/2/15,1/1/15,4/1/15,6/1/15
6/3/15,1/1/15,4/1/15,6/1/15
6/4/15,1/1/15,4/1/15,6/1/15
6/5/15,1/1/15,4/1/15,6/1/15
6/6/15,1/1/15,4/1/15,6/1/15
6/7/15,1/1/15,4/1/15,6/1/15
6/8/15,1/1/15,4/1/15,6/1/15
6/9/15,1/1/15,4/1/15,6/1/15
6/10/15,1/1/15,4/1/15,6/1/15
6/11/15,1/1/15,4/1/15,6/1/15
6/12/15,1/1/15,4/1/15,6/1/15
6/13/15,1/1/15,4/1/15,6/1/15
6/14/15,1/1/15,4/1/15,6/1/15
6/15/15,1/1/15,4/1/15,6/1/15
6/16/15,1/1/15,4/1/15,6/1/15
6/17/15,1/1/15,4/1/15,6/1/15
6/18/15,1/1/15,4/1/15,6/1/15
6/19/15,1/1/15,4/1/15,6/1/15
6/20/15,1/1/15,4/1/15,6/1/15
6/21/15,1/1/15,4/1/15,6/1/15
6/22/15,1/1/15,4/1/15,6/1/15
6/23/15,1/1/15,4/1/15,6/1/15
6/24/15,1/1/15,4/1/15,6/1/15
6/25/15,1/1/15,4/1/15,6/1/15
6/26/15,1/1/15,4/1/15,6/1/15
6/27/15,1/1/15,4/1/15,6/1/15
6/28/15,1/1/15,4/1/15,6/1/15
6/29/15,1/1/15,4/1/15,6/1/15
6/30/15,1/1/15,4/1/15,6/1/15
7/1/15,1/1/15,7/1/15,7/1/15
7/2/15,1/1/15,7/1/15,7/1/15
7/3/15,1/1/15,7/1/15,7/1/15
7/4/15,1/1/15,7/1/15,7/1/15
7/5/15,1/1/15,7/1/15,7/1/15
7/6/15,1/1/15,7/1/15,7/1/15
7/7/15,1/1/15,7/1/15,7/1/15
7/8/15,1/1/15,7/1/15,7/1/15
7/9/15,1/1/15,7/1/15,7/1/15
7/10/15,1/1/15,7/1/15,7/1/15
7/11/15,1/1/15,7/1/15,7/1/15
7/12/15,1/1/15,7/1/15,7/1/15
7/13/15,1/1/15,7/1/15,7/1/15
7/14/15,1/1/15,7/1/15,7/1/15
7/15/15,1/1/15,7/1/15,7/1/15
7/16/15,1/1/15,7/1/15,7/1/15
7/17/15,1/1/15,7/1/15,7/1/15
7/18/15,1/1/15,7/1/15,7/1/15
7/19/15,1/1/15,7/1/15,7/1/15
7/20/15,1/1/15,7/1/15,7/1/15
7/21/15,1/1/15,7/1/15,7/1/15
7/22/15,1/1/15,7/1/15,7/1/15
7/23/15,1/1/15,7/1/15,7/1/15
7/24/15,1/1/15,7/1/15,7/1/15
7/25/15,1/1/15,7/1/15,7/1/15
7/26/15,1/1/15,7/1/15,7/1/15
7/27/15,1/1/15,7/1/15,7/1/15
7/28/15,1/1/15,7/1/15,7/1/15
7/29/15,1/1/15,7/1/15,7/1/15
7/30/15,1/1/15,7/1/15,7/1/15
7/31/15,1/1/15,7/1/15,7/1/15
8/1/15,1/1/15,7/1/15,8/1/15
8/2/15,1/1/15,7/1/15,8/1/15
8/3/15,1/1/15,7/1/15,8/1/15
8/4/15,1/1/15,7/1/15,8/1/15
8/5/15,1/1/15,7/1/15,8/1/15
8/6/15,1/1/15,7/1/15,8/1/15
8/7/15,1/1/15,7/1/15,8/1/15
8/8/15,1/1/15,7/1/15,8/1/15
8/9/15,1/1/15,7/1/15,8/1/15
8/10/15,1/1/15,7/1/15,8/1/15
8/11/15,1/1/15,7/1/15,8/1/15
8/12/15,1/1/15,7/1/15,8/1/15
8/13/15,1/1/15,7/1/15,8/1/15
8/14/15,1/1/15,7/1/15,8/1/15
8/15/15,1/1/15,7/1/15,8/1/15
8/16/15,1/1/15,7/1/15,8/1/15
8/17/15,1/1/15,7/1/15,8/1/15
8/18/15,1/1/15,7/1/15,8/1/15
8/19/15,1/1/15,7/1/15,8/1/15
8/20/15,1/1/15,7/1/15,8/1/15
8/21/15,1/1/15,7/1/15,8/1/15
8/22/15,1/1/15,7/1/15,8/1/15
8/23/15,1/1/15,7/1/15,8/1/15
8/24/15,1/1/15,7/1/15,8/1/15
8/25/15,1/1/15,7/1/15,8/1/15
8/26/15,1/1/15,7/1/15,8/1/15
8/27/15,1/1/15,7/1/15,8/1/15
8/28/15,1/1/15,7/1/15,8/1/15
8/29/15,1/1/15,7/1/15,8/1/15
8/30/15,1/1/15,7/1/15,8/1/15
8/31/15,1/1/15,7/1/15,8/1/15
9/1/15,1/1/15,7/1/15,9/1/15
9/2/15,1/1/15,7/1/15,9/1/15
9/3/15,1/1/15,7/1/15,9/1/15
9/4/15,1/1/15,7/1/15,9/1/15
9/5/15,1/1/15,7/1/15,9/1/15
9/6/15,1/1/15,7/1/15,9/1/15
9/7/15,1/1/15,7/1/15,9/1/15
9/8/15,1/1/15,7/1/15,9/1/15
9/9/15,1/1/15,7/1/15,9/1/15
9/10/15,1/1/15,7/1/15,9/1/15
9/11/15,1/1/15,7/1/15,9/1/15
9/12/15,1/1/15,7/1/15,9/1/15
9/13/15,1/1/15,7/1/15,9/1/15
9/14/15,1/1/15,7/1/15,9/1/15
9/15/15,1/1/15,7/1/15,9/1/15
9/16/15,1/1/15,7/1/15,9/1/15
9/17/15,1/1/15,7/1/15,9/1/15
9/18/15,1/1/15,7/1/15,9/1/15
9/19/15,1/1/15,7/1/15,9/1/15
9/20/15,1/1/15,7/1/15,9/1/15
9/21/15,1/1/15,7/1/15,9/1/15
9/22/15,1/1/15,7/1/15,9/1/15
9/23/15,1/1/15,7/1/15,9/1/15
9/24/15,1/1/15,7/1/15,9/1/15
9/25/15,1/1/15,7/1/15,9/1/15
9/26/15,1/1/15,7/1/15,9/1/15
9/27/15,1/1/15,7/1/15,9/1/15
9/28/15,1/1/15,7/1/15,9/1/15
9/29/15,1/1/15,7/1/15,9/1/15
9/30/15,1/1/15,7/1/15,9/1/15
10/1/15,1/1/15,10/1/15,10/1/15
10/2/15,1/1/15,10/1/15,10/1/15
10/3/15,1/1/15,10/1/15,10/1/15
10/4/15,1/1/15,10/1/15,10/1/15
10/5/15,1/1/15,10/1/15,10/1/15
10/6/15,1/1/15,10/1/15,10/1/15
10/7/15,1/1/15,10/1/15,10/1/15
10/8/15,1/1/15,10/1/15,10/1/15
10/9/15,1/1/15,10/1/15,10/1/15
10/10/15,1/1/15,10/1/15,10/1/15
10/11/15,1/1/15,10/1/15,10/1/15
10/12/15,1/1/15,10/1/15,10/1/15
10/13/15,1/1/15,10/1/15,10/1/15
10/14/15,1/1/15,10/1/15,10/1/15
10/15/15,1/1/15,10/1/15,10/1/15
10/16/15,1/1/15,10/1/15,10/1/15
10/17/15,1/1/15,10/1/15,10/1/15
10/18/15,1/1/15,10/1/15,10/1/15
10/19/15,1/1/15,10/1/15,10/1/15
10/20/15,1/1/15,10/1/15,10/1/15
10/21/15,1/1/15,10/1/15,10/1/15
10/22/15,1/1/15,10/1/15,10/1/15
10/23/15,1/1/15,10/1/15,10/1/15
10/24/15,1/1/15,10/1/15,10/1/15
10/25/15,1/1/15,10/1/15,10/1/15
10/26/15,1/1/15,10/1/15,10/1/15
10/27/15,1/1/15,10/1/15,10/1/15
10/28/15,1/1/15,10/1/15,10/1/15
10/29/15,1/1/15,10/1/15,10/1/15
10/30/15,1/1/15,10/1/15,10/1/15
10/31/15,1/1/15,10/1/15,10/1/15
11/1/15,1/1/15,10/1/15,11/1/15
11/2/15,1/1/15,10/1/15,11/1/15
11/3/15,1/1/15,10/1/15,11/1/15
11/4/15,1/1/15,10/1/15,11/1/15
11/5/15,1/1/15,10/1/15,11/1/15
11/6/15,1/1/15,10/1/15,11/1/15
11/7/15,1/1/15,10/1/15,11/1/15
11/8/15,1/1/15,10/1/15,11/1/15
11/9/15,1/1/15,10/1/15,11/1/15
11/10/15,1/1/15,10/1/15,11/1/15
11/11/15,1/1/15,10/1/15,11/1/15
11/12/15,1/1/15,10/1/15,11/1/15
11/13/15,1/1/15,10/1/15,11/1/15
11/14/15,1/1/15,10/1/15,11/1/15
11/15/15,1/1/15,10/1/15,11/1/15
11/16/15,1/1/15,10/1/15,11/1/15
11/17/15,1/1/15,10/1/15,11/1/15
11/18/15,1/1/15,10/1/15,11/1/15
11/19/15,1/1/15,10/1/15,11/1/15
11/20/15,1/1/15,10/1/15,11/1/15
11/21/15,1/1/15,10/1/15,11/1/15
11/22/15,1/1/15,10/1/15,11/1/15
11/23/15,1/1/15,10/1/15,11/1/15
11/24/15,1/1/15,10/1/15,11/1/15
11/25/15,1/1/15,10/1/15,11/1/15
11/26/15,1/1/15,10/1/15,11/1/15
11/27/15,1/1/15,10/1/15,11/1/15
11/28/15,1/1/15,10/1/15,11/1/15
11/29/15,1/1/15,10/1/15,11/1/15
11/30/15,1/1/15,10/1/15,11/1/15
12/1/15,1/1/15,10/1/15,12/1/15
12/2/15,1/1/15,10/1/15,12/1/15
12/3/15,1/1/15,10/1/15,12/1/15
12/4/15,1/1/15,10/1/15,12/1/15
12/5/15,1/1/15,10/1/15,12/1/15
12/6/15,1/1/15,10/1/15,12/1/15
12/7/15,1/1/15,10/1/15,12/1/15
12/8/15,1/1/15,10/1/15,12/1/15
12/9/15,1/1/15,10/1/15,12/1/15
12/10/15,1/1/15,10/1/15,12/1/15
12/11/15,1/1/15,10/1/15,12/1/15
12/12/15,1/1/15,10/1/15,12/1/15
12/13/15,1/1/15,10/1/15,12/1/15
12/14/15,1/1/15,10/1/15,12/1/15
12/15/15,1/1/15,10/1/15,12/1/15
12/16/15,1/1/15,10/1/15,12/1/15
12/17/15,1/1/15,10/1/15,12/1/15
12/18/15,1/1/15,10/1/15,12/1/15
12/19/15,1/1/15,10/1/15,12/1/15
12/20/15,1/1/15,10/1/15,12/1/15
12/21/15,1/1/15,10/1/15,12/1/15
12/22/15,1/1/15,10/1/15,12/1/15
12/23/15,1/1/15,10/1/15,12/1/15
12/24/15,1/1/15,10/1/15,12/1/15
12/25/15,1/1/15,10/1/15,12/1/15
12/26/15,1/1/15,10/1/15,12/1/15
12/27/15,1/1/15,10/1/15,12/1/15
12/28/15,1/1/15,10/1/15,12/1/15
12/29/15,1/1/15,10/1/15,12/1/15
12/30/15,1/1/15,10/1/15,12/1/15
12/31/15,1/1/15,10/1/15,12/1/15
1/1/16,1/1/16,1/1/16,1/1/16
1/2/16,1/1/16,1/1/16,1/1/16
1/3/16,1/1/16,1/1/16,1/1/16
1/4/16,1/1/16,1/1/16,1/1/16
1/5/16,1/1/16,1/1/16,1/1/16
1/6/16,1/1/16,1/1/16,1/1/16
1/7/16,1/1/16,1/1/16,1/1/16
1/8/16,1/1/16,1/1/16,1/1/16
1/9/16,1/1/16,1/1/16,1/1/16
1/10/16,1/1/16,1/1/16,1/1/16
1/11/16,1/1/16,1/1/16,1/1/16
1/12/16,1/1/16,1/1/16,1/1/16
1/13/16,1/1/16,1/1/16,1/1/16
1/14/16,1/1/16,1/1/16,1/1/16
1/15/16,1/1/16,1/1/16,1/1/16
1/16/16,1/1/16,1/1/16,1/1/16
1/17/16,1/1/16,1/1/16,1/1/16
1/18/16,1/1/16,1/1/16,1/1/16
1/19/16,1/1/16,1/1/16,1/1/16
1/20/16,1/1/16,1/1/16,1/1/16
1/21/16,1/1/16,1/1/16,1/1/16
1/22/16,1/1/16,1/1/16,1/1/16
1/23/16,1/1/16,1/1/16,1/1/16
1/24/16,1/1/16,1/1/16,1/1/16
1/25/16,1/1/16,1/1/16,1/1/16
1/26/16,1/1/16,1/1/16,1/1/16
1/27/16,1/1/16,1/1/16,1/1/16
1/28/16,1/1/16,1/1/16,1/1/16
1/29/16,1/1/16,1/1/16,1/1/16
1/30/16,1/1/16,1/1/16,1/1/16
1/31/16,1/1/16,1/1/16,1/1/16
2/1/16,1/1/16,1/1/16,2/1/16
2/2/16,1/1/16,1/1/16,2/1/16
2/3/16,1/1/16,1/1/16,2/1/16
2/4/16,1/1/16,1/1/16,2/1/16
2/5/16,1/1/16,1/1/16,2/1/16
2/6/16,1/1/16,1/1/16,2/1/16
2/7/16,1/1/16,1/1/16,2/1/16
2/8/16,1/1/16,1/1/16,2/1/16
2/9/16,1/1/16,1/1/16,2/1/16
2/10/16,1/1/16,1/1/16,2/1/16
2/11/16,1/1/16,1/1/16,2/1/16
2/12/16,1/1/16,1/1/16,2/1/16
2/13/16,1/1/16,1/1/16,2/1/16
2/14/16,1/1/16,1/1/16,2/1/16
2/15/16,1/1/16,1/1/16,2/1/16
2/16/16,1/1/16,1/1/16,2/1/16
2/17/16,1/1/16,1/1/16,2/1/16
2/18/16,1/1/16,1/1/16,2/1/16
2/19/16,1/1/16,1/1/16,2/1/16
2/20/16,1/1/16,1/1/16,2/1/16
2/21/16,1/1/16,1/1/16,2/1/16
2/22/16,1/1/16,1/1/16,2/1/16
2/23/16,1/1/16,1/1/16,2/1/16
2/24/16,1/1/16,1/1/16,2/1/16
2/25/16,1/1/16,1/1/16,2/1/16
2/26/16,1/1/16,1/1/16,2/1/16
2/27/16,1/1/16,1/1/16,2/1/16
2/28/16,1/1/16,1/1/16,2/1/16
2/29/16,1/1/16,1/1/16,2/1/16
3/1/16,1/1/16,1/1/16,3/1/16
3/2/16,1/1/16,1/1/16,3/1/16
3/3/16,1/1/16,1/1/16,3/1/16
3/4/16,1/1/16,1/1/16,3/1/16
3/5/16,1/1/16,1/1/16,3/1/16
3/6/16,1/1/16,1/1/16,3/1/16
3/7/16,1/1/16,1/1/16,3/1/16
3/8/16,1/1/16,1/1/16,3/1/16
3/9/16,1/1/16,1/1/16,3/1/16
3/10/16,1/1/16,1/1/16,3/1/16
3/11/16,1/1/16,1/1/16,3/1/16
3/12/16,1/1/16,1/1/16,3/1/16
3/13/16,1/1/16,1/1/16,3/1/16
3/14/16,1/1/16,1/1/16,3/1/16
3/15/16,1/1/16,1/1/16,3/1/16
3/16/16,1/1/16,1/1/16,3/1/16
3/17/16,1/1/16,1/1/16,3/1/16
3/18/16,1/1/16,1/1/16,3/1/16
3/19/16,1/1/16,1/1/16,3/1/16
3/20/16,1/1/16,1/1/16,3/1/16
3/21/16,1/1/16,1/1/16,3/1/16
3/22/16,1/1/16,1/1/16,3/1/16
3/23/16,1/1/16,1/1/16,3/1/16
3/24/16,1/1/16,1/1/16,3/1/16
3/25/16,1/1/16,1/1/16,3/1/16
3/26/16,1/1/16,1/1/16,3/1/16
3/27/16,1/1/16,1/1/16,3/1/16
3/28/16,1/1/16,1/1/16,3/1/16
3/29/16,1/1/16,1/1/16,3/1/16
3/30/16,1/1/16,1/1/16,3/1/16
3/31/16,1/1/16,1/1/16,3/1/16
4/1/16,1/1/16,4/1/16,4/1/16
4/2/16,1/1/16,4/1/16,4/1/16
4/3/16,1/1/16,4/1/16,4/1/16
4/4/16,1/1/16,4/1/16,4/1/16
4/5/16,1/1/16,4/1/16,4/1/16
4/6/16,1/1/16,4/1/16,4/1/16
4/7/16,1/1/16,4/1/16,4/1/16
4/8/16,1/1/16,4/1/16,4/1/16
4/9/16,1/1/16,4/1/16,4/1/16
4/10/16,1/1/16,4/1/16,4/1/16
4/11/16,1/1/16,4/1/16,4/1/16
4/12/16,1/1/16,4/1/16,4/1/16
4/13/16,1/1/16,4/1/16,4/1/16
4/14/16,1/1/16,4/1/16,4/1/16
4/15/16,1/1/16,4/1/16,4/1/16
4/16/16,1/1/16,4/1/16,4/1/16
4/17/16,1/1/16,4/1/16,4/1/16
4/18/16,1/1/16,4/1/16,4/1/16
4/19/16,1/1/16,4/1/16,4/1/16
4/20/16,1/1/16,4/1/16,4/1/16
4/21/16,1/1/16,4/1/16,4/1/16
4/22/16,1/1/16,4/1/16,4/1/16
4/23/16,1/1/16,4/1/16,4/1/16
4/24/16,1/1/16,4/1/16,4/1/16
4/25/16,1/1/16,4/1/16,4/1/16
4/26/16,1/1/16,4/1/16,4/1/16
4/27/16,1/1/16,4/1/16,4/1/16
4/28/16,1/1/16,4/1/16,4/1/16
4/29/16,1/1/16,4/1/16,4/1/16
4/30/16,1/1/16,4/1/16,4/1/16
5/1/16,1/1/16,4/1/16,5/1/16
5/2/16,1/1/16,4/1/16,5/1/16
5/3/16,1/1/16,4/1/16,5/1/16
5/4/16,1/1/16,4/1/16,5/1/16
5/5/16,1/1/16,4/1/16,5/1/16
5/6/16,1/1/16,4/1/16,5/1/16
5/7/16,1/1/16,4/1/16,5/1/16
5/8/16,1/1/16,4/1/16,5/1/16
5/9/16,1/1/16,4/1/16,5/1/16
5/10/16,1/1/16,4/1/16,5/1/16
5/11/16,1/1/16,4/1/16,5/1/16
5/12/16,1/1/16,4/1/16,5/1/16
5/13/16,1/1/16,4/1/16,5/1/16
5/14/16,1/1/16,4/1/16,5/1/16
5/15/16,1/1/16,4/1/16,5/1/16
5/16/16,1/1/16,4/1/16,5/1/16
5/17/16,1/1/16,4/1/16,5/1/16
5/18/16,1/1/16,4/1/16,5/1/16
5/19/16,1/1/16,4/1/16,5/1/16
5/20/16,1/1/16,4/1/16,5/1/16
5/21/16,1/1/16,4/1/16,5/1/16
5/22/16,1/1/16,4/1/16,5/1/16
5/23/16,1/1/16,4/1/16,5/1/16
5/24/16,1/1/16,4/1/16,5/1/16
5/25/16,1/1/16,4/1/16,5/1/16
5/26/16,1/1/16,4/1/16,5/1/16
5/27/16,1/1/16,4/1/16,5/1/16
5/28/16,1/1/16,4/1/16,5/1/16
5/29/16,1/1/16,4/1/16,5/1/16
5/30/16,1/1/16,4/1/16,5/1/16
5/31/16,1/1/16,4/1/16,5/1/16
6/1/16,1/1/16,4/1/16,6/1/16
6/2/16,1/1/16,4/1/16,6/1/16
6/3/16,1/1/16,4/1/16,6/1/16
6/4/16,1/1/16,4/1/16,6/1/16
6/5/16,1/1/16,4/1/16,6/1/16
6/6/16,1/1/16,4/1/16,6/1/16
6/7/16,1/1/16,4/1/16,6/1/16
6/8/16,1/1/16,4/1/16,6/1/16
6/9/16,1/1/16,4/1/16,6/1/16
6/10/16,1/1/16,4/1/16,6/1/16
6/11/16,1/1/16,4/1/16,6/1/16
6/12/16,1/1/16,4/1/16,6/1/16
6/13/16,1/1/16,4/1/16,6/1/16
6/14/16,1/1/16,4/1/16,6/1/16
6/15/16,1/1/16,4/1/16,6/1/16
6/16/16,1/1/16,4/1/16,6/1/16
6/17/16,1/1/16,4/1/16,6/1/16
6/18/16,1/1/16,4/1/16,6/1/16
6/19/16,1/1/16,4/1/16,6/1/16
6/20/16,1/1/16,4/1/16,6/1/16
6/21/16,1/1/16,4/1/16,6/1/16
6/22/16,1/1/16,4/1/16,6/1/16
6/23/16,1/1/16,4/1/16,6/1/16
6/24/16,1/1/16,4/1/16,6/1/16
6/25/16,1/1/16,4/1/16,6/1/16
6/26/16,1/1/16,4/1/16,6/1/16
6/27/16,1/1/16,4/1/16,6/1/16
6/28/16,1/1/16,4/1/16,6/1/16
6/29/16,1/1/16,4/1/16,6/1/16
6/30/16,1/1/16,4/1/16,6/1/16
7/1/16,1/1/16,7/1/16,7/1/16
7/2/16,1/1/16,7/1/16,7/1/16
7/3/16,1/1/16,7/1/16,7/1/16
7/4/16,1/1/16,7/1/16,7/1/16
7/5/16,1/1/16,7/1/16,7/1/16
7/6/16,1/1/16,7/1/16,7/1/16
7/7/16,1/1/16,7/1/16,7/1/16
7/8/16,1/1/16,7/1/16,7/1/16
7/9/16,1/1/16,7/1/16,7/1/16
7/10/16,1/1/16,7/1/16,7/1/16
7/11/16,1/1/16,7/1/16,7/1/16
7/12/16,1/1/16,7/1/16,7/1/16
7/13/16,1/1/16,7/1/16,7/1/16
7/14/16,1/1/16,7/1/16,7/1/16
7/15/16,1/1/16,7/1/16,7/1/16
7/16/16,1/1/16,7/1/16,7/1/16
7/17/16,1/1/16,7/1/16,7/1/16
7/18/16,1/1/16,7/1/16,7/1/16
7/19/16,1/1/16,7/1/16,7/1/16
7/20/16,1/1/16,7/1/16,7/1/16
7/21/16,1/1/16,7/1/16,7/1/16
7/22/16,1/1/16,7/1/16,7/1/16
7/23/16,1/1/16,7/1/16,7/1/16
7/24/16,1/1/16,7/1/16,7/1/16
7/25/16,1/1/16,7/1/16,7/1/16
7/26/16,1/1/16,7/1/16,7/1/16
7/27/16,1/1/16,7/1/16,7/1/16
7/28/16,1/1/16,7/1/16,7/1/16
7/29/16,1/1/16,7/1/16,7/1/16
7/30/16,1/1/16,7/1/16,7/1/16
7/31/16,1/1/16,7/1/16,7/1/16
8/1/16,1/1/16,7/1/16,8/1/16
8/2/16,1/1/16,7/1/16,8/1/16
8/3/16,1/1/16,7/1/16,8/1/16
8/4/16,1/1/16,7/1/16,8/1/16
8/5/16,1/1/16,7/1/16,8/1/16
8/6/16,1/1/16,7/1/16,8/1/16
8/7/16,1/1/16,7/1/16,8/1/16
8/8/16,1/1/16,7/1/16,8/1/16
8/9/16,1/1/16,7/1/16,8/1/16
8/10/16,1/1/16,7/1/16,8/1/16
8/11/16,1/1/16,7/1/16,8/1/16
8/12/16,1/1/16,7/1/16,8/1/16
8/13/16,1/1/16,7/1/16,8/1/16
8/14/16,1/1/16,7/1/16,8/1/16
8/15/16,1/1/16,7/1/16,8/1/16
8/16/16,1/1/16,7/1/16,8/1/16
8/17/16,1/1/16,7/1/16,8/1/16
8/18/16,1/1/16,7/1/16,8/1/16
8/19/16,1/1/16,7/1/16,8/1/16
8/20/16,1/1/16,7/1/16,8/1/16
8/21/16,1/1/16,7/1/16,8/1/16
8/22/16,1/1/16,7/1/16,8/1/16
8/23/16,1/1/16,7/1/16,8/1/16
8/24/16,1/1/16,7/1/16,8/1/16
8/25/16,1/1/16,7/1/16,8/1/16
8/26/16,1/1/16,7/1/16,8/1/16
8/27/16,1/1/16,7/1/16,8/1/16
8/28/16,1/1/16,7/1/16,8/1/16
8/29/16,1/1/16,7/1/16,8/1/16
8/30/16,1/1/16,7/1/16,8/1/16
8/31/16,1/1/16,7/1/16,8/1/16
9/1/16,1/1/16,7/1/16,9/1/16
9/2/16,1/1/16,7/1/16,9/1/16
9/3/16,1/1/16,7/1/16,9/1/16
9/4/16,1/1/16,7/1/16,9/1/16
9/5/16,1/1/16,7/1/16,9/1/16
9/6/16,1/1/16,7/1/16,9/1/16
9/7/16,1/1/16,7/1/16,9/1/16
9/8/16,1/1/16,7/1/16,9/1/16
9/9/16,1/1/16,7/1/16,9/1/16
9/10/16,1/1/16,7/1/16,9/1/16
9/11/16,1/1/16,7/1/16,9/1/16
9/12/16,1/1/16,7/1/16,9/1/16
9/13/16,1/1/16,7/1/16,9/1/16
9/14/16,1/1/16,7/1/16,9/1/16
9/15/16,1/1/16,7/1/16,9/1/16
9/16/16,1/1/16,7/1/16,9/1/16
9/17/16,1/1/16,7/1/16,9/1/16
9/18/16,1/1/16,7/1/16,9/1/16
9/19/16,1/1/16,7/1/16,9/1/16
9/20/16,1/1/16,7/1/16,9/1/16
9/21/16,1/1/16,7/1/16,9/1/16
9/22/16,1/1/16,7/1/16,9/1/16
9/23/16,1/1/16,7/1/16,9/1/16
9/24/16,1/1/16,7/1/16,9/1/16
9/25/16,1/1/16,7/1/16,9/1/16
9/26/16,1/1/16,7/1/16,9/1/16
9/27/16,1/1/16,7/1/16,9/1/16
9/28/16,1/1/16,7/1/16,9/1/16
9/29/16,1/1/16,7/1/16,9/1/16
9/30/16,1/1/16,7/1/16,9/1/16
10/1/16,1/1/16,10/1/16,10/1/16
10/2/16,1/1/16,10/1/16,10/1/16
10/3/16,1/1/16,10/1/16,10/1/16
10/4/16,1/1/16,10/1/16,10/1/16
10/5/16,1/1/16,10/1/16,10/1/16
10/6/16,1/1/16,10/1/16,10/1/16
10/7/16,1/1/16,10/1/16,10/1/16
10/8/16,1/1/16,10/1/16,10/1/16
10/9/16,1/1/16,10/1/16,10/1/16
10/10/16,1/1/16,10/1/16,10/1/16
10/11/16,1/1/16,10/1/16,10/1/16
10/12/16,1/1/16,10/1/16,10/1/16
10/13/16,1/1/16,10/1/16,10/1/16
10/14/16,1/1/16,10/1/16,10/1/16
10/15/16,1/1/16,10/1/16,10/1/16
10/16/16,1/1/16,10/1/16,10/1/16
10/17/16,1/1/16,10/1/16,10/1/16
10/18/16,1/1/16,10/1/16,10/1/16
10/19/16,1/1/16,10/1/16,10/1/16
10/20/16,1/1/16,10/1/16,10/1/16
10/21/16,1/1/16,10/1/16,10/1/16
10/22/16,1/1/16,10/1/16,10/1/16
10/23/16,1/1/16,10/1/16,10/1/16
10/24/16,1/1/16,10/1/16,10/1/16
10/25/16,1/1/16,10/1/16,10/1/16
10/26/16,1/1/16,10/1/16,10/1/16
10/27/16,1/1/16,10/1/16,10/1/16
10/28/16,1/1/16,10/1/16,10/1/16
10/29/16,1/1/16,10/1/16,10/1/16
10/30/16,1/1/16,10/1/16,10/1/16
10/31/16,1/1/16,10/1/16,10/1/16
11/1/16,1/1/16,10/1/16,11/1/16
11/2/16,1/1/16,10/1/16,11/1/16
11/3/16,1/1/16,10/1/16,11/1/16
11/4/16,1/1/16,10/1/16,11/1/16
11/5/16,1/1/16,10/1/16,11/1/16
11/6/16,1/1/16,10/1/16,11/1/16
11/7/16,1/1/16,10/1/16,11/1/16
11/8/16,1/1/16,10/1/16,11/1/16
11/9/16,1/1/16,10/1/16,11/1/16
11/10/16,1/1/16,10/1/16,11/1/16
11/11/16,1/1/16,10/1/16,11/1/16
11/12/16,1/1/16,10/1/16,11/1/16
11/13/16,1/1/16,10/1/16,11/1/16
11/14/16,1/1/16,10/1/16,11/1/16
11/15/16,1/1/16,10/1/16,11/1/16
11/16/16,1/1/16,10/1/16,11/1/16
11/17/16,1/1/16,10/1/16,11/1/16
11/18/16,1/1/16,10/1/16,11/1/16
11/19/16,1/1/16,10/1/16,11/1/16
11/20/16,1/1/16,10/1/16,11/1/16
11/21/16,1/1/16,10/1/16,11/1/16
11/22/16,1/1/16,10/1/16,11/1/16
11/23/16,1/1/16,10/1/16,11/1/16
11/24/16,1/1/16,10/1/16,11/1/16
11/25/16,1/1/16,10/1/16,11/1/16
11/26/16,1/1/16,10/1/16,11/1/16
11/27/16,1/1/16,10/1/16,11/1/16
11/28/16,1/1/16,10/1/16,11/1/16
11/29/16,1/1/16,10/1/16,11/1/16
11/30/16,1/1/16,10/1/16,11/1/16
12/1/16,1/1/16,10/1/16,12/1/16
12/2/16,1/1/16,10/1/16,12/1/16
12/3/16,1/1/16,10/1/16,12/1/16
12/4/16,1/1/16,10/1/16,12/1/16
12/5/16,1/1/16,10/1/16,12/1/16
12/6/16,1/1/16,10/1/16,12/1/16
12/7/16,1/1/16,10/1/16,12/1/16
12/8/16,1/1/16,10/1/16,12/1/16
12/9/16,1/1/16,10/1/16,12/1/16
12/10/16,1/1/16,10/1/16,12/1/16
12/11/16,1/1/16,10/1/16,12/1/16
12/12/16,1/1/16,10/1/16,12/1/16
12/13/16,1/1/16,10/1/16,12/1/16
12/14/16,1/1/16,10/1/16,12/1/16
12/15/16,1/1/16,10/1/16,12/1/16
12/16/16,1/1/16,10/1/16,12/1/16
12/17/16,1/1/16,10/1/16,12/1/16
12/18/16,1/1/16,10/1/16,12/1/16
12/19/16,1/1/16,10/1/16,12/1/16
12/20/16,1/1/16,10/1/16,12/1/16
12/21/16,1/1/16,10/1/16,12/1/16
12/22/16,1/1/16,10/1/16,12/1/16
12/23/16,1/1/16,10/1/16,12/1/16
12/24/16,1/1/16,10/1/16,12/1/16
12/25/16,1/1/16,10/1/16,12/1/16
12/26/16,1/1/16,10/1/16,12/1/16
12/27/16,1/1/16,10/1/16,12/1/16
12/28/16,1/1/16,10/1/16,12/1/16
12/29/16,1/1/16,10/1/16,12/1/16
12/30/16,1/1/16,10/1/16,12/1/16
12/31/16,1/1/16,10/1/16,12/1/16
1/1/17,1/1/17,1/1/17,1/1/17
1/2/17,1/1/17,1/1/17,1/1/17
1/3/17,1/1/17,1/1/17,1/1/17
1/4/17,1/1/17,1/1/17,1/1/17
1/5/17,1/1/17,1/1/17,1/1/17
1/6/17,1/1/17,1/1/17,1/1/17
1/7/17,1/1/17,1/1/17,1/1/17
1/8/17,1/1/17,1/1/17,1/1/17
1/9/17,1/1/17,1/1/17,1/1/17
1/10/17,1/1/17,1/1/17,1/1/17
1/11/17,1/1/17,1/1/17,1/1/17
1/12/17,1/1/17,1/1/17,1/1/17
1/13/17,1/1/17,1/1/17,1/1/17
1/14/17,1/1/17,1/1/17,1/1/17
1/15/17,1/1/17,1/1/17,1/1/17
1/16/17,1/1/17,1/1/17,1/1/17
1/17/17,1/1/17,1/1/17,1/1/17
1/18/17,1/1/17,1/1/17,1/1/17
1/19/17,1/1/17,1/1/17,1/1/17
1/20/17,1/1/17,1/1/17,1/1/17
1/21/17,1/1/17,1/1/17,1/1/17
1/22/17,1/1/17,1/1/17,1/1/17
1/23/17,1/1/17,1/1/17,1/1/17
1/24/17,1/1/17,1/1/17,1/1/17
1/25/17,1/1/17,1/1/17,1/1/17
1/26/17,1/1/17,1/1/17,1/1/17
1/27/17,1/1/17,1/1/17,1/1/17
1/28/17,1/1/17,1/1/17,1/1/17
1/29/17,1/1/17,1/1/17,1/1/17
1/30/17,1/1/17,1/1/17,1/1/17
1/31/17,1/1/17,1/1/17,1/1/17
2/1/17,1/1/17,1/1/17,2/1/17
2/2/17,1/1/17,1/1/17,2/1/17
2/3/17,1/1/17,1/1/17,2/1/17
2/4/17,1/1/17,1/1/17,2/1/17
2/5/17,1/1/17,1/1/17,2/1/17
2/6/17,1/1/17,1/1/17,2/1/17
2/7/17,1/1/17,1/1/17,2/1/17
2/8/17,1/1/17,1/1/17,2/1/17
2/9/17,1/1/17,1/1/17,2/1/17
2/10/17,1/1/17,1/1/17,2/1/17
2/11/17,1/1/17,1/1/17,2/1/17
2/12/17,1/1/17,1/1/17,2/1/17
2/13/17,1/1/17,1/1/17,2/1/17
2/14/17,1/1/17,1/1/17,2/1/17
2/15/17,1/1/17,1/1/17,2/1/17
2/16/17,1/1/17,1/1/17,2/1/17
2/17/17,1/1/17,1/1/17,2/1/17
2/18/17,1/1/17,1/1/17,2/1/17
2/19/17,1/1/17,1/1/17,2/1/17
2/20/17,1/1/17,1/1/17,2/1/17
2/21/17,1/1/17,1/1/17,2/1/17
2/22/17,1/1/17,1/1/17,2/1/17
2/23/17,1/1/17,1/1/17,2/1/17
2/24/17,1/1/17,1/1/17,2/1/17
2/25/17,1/1/17,1/1/17,2/1/17
2/26/17,1/1/17,1/1/17,2/1/17
2/27/17,1/1/17,1/1/17,2/1/17
2/28/17,1/1/17,1/1/17,2/1/17
3/1/17,1/1/17,1/1/17,3/1/17
3/2/17,1/1/17,1/1/17,3/1/17
3/3/17,1/1/17,1/1/17,3/1/17
3/4/17,1/1/17,1/1/17,3/1/17
3/5/17,1/1/17,1/1/17,3/1/17
3/6/17,1/1/17,1/1/17,3/1/17
3/7/17,1/1/17,1/1/17,3/1/17
3/8/17,1/1/17,1/1/17,3/1/17
3/9/17,1/1/17,1/1/17,3/1/17
3/10/17,1/1/17,1/1/17,3/1/17
3/11/17,1/1/17,1/1/17,3/1/17
3/12/17,1/1/17,1/1/17,3/1/17
3/13/17,1/1/17,1/1/17,3/1/17
3/14/17,1/1/17,1/1/17,3/1/17
3/15/17,1/1/17,1/1/17,3/1/17
3/16/17,1/1/17,1/1/17,3/1/17
3/17/17,1/1/17,1/1/17,3/1/17
3/18/17,1/1/17,1/1/17,3/1/17
3/19/17,1/1/17,1/1/17,3/1/17
3/20/17,1/1/17,1/1/17,3/1/17
3/21/17,1/1/17,1/1/17,3/1/17
3/22/17,1/1/17,1/1/17,3/1/17
3/23/17,1/1/17,1/1/17,3/1/17
3/24/17,1/1/17,1/1/17,3/1/17
3/25/17,1/1/17,1/1/17,3/1/17
3/26/17,1/1/17,1/1/17,3/1/17
3/27/17,1/1/17,1/1/17,3/1/17
3/28/17,1/1/17,1/1/17,3/1/17
3/29/17,1/1/17,1/1/17,3/1/17
3/30/17,1/1/17,1/1/17,3/1/17
3/31/17,1/1/17,1/1/17,3/1/17
4/1/17,1/1/17,4/1/17,4/1/17
4/2/17,1/1/17,4/1/17,4/1/17
4/3/17,1/1/17,4/1/17,4/1/17
4/4/17,1/1/17,4/1/17,4/1/17
4/5/17,1/1/17,4/1/17,4/1/17
4/6/17,1/1/17,4/1/17,4/1/17
4/7/17,1/1/17,4/1/17,4/1/17
4/8/17,1/1/17,4/1/17,4/1/17
4/9/17,1/1/17,4/1/17,4/1/17
4/10/17,1/1/17,4/1/17,4/1/17
4/11/17,1/1/17,4/1/17,4/1/17
4/12/17,1/1/17,4/1/17,4/1/17
4/13/17,1/1/17,4/1/17,4/1/17
4/14/17,1/1/17,4/1/17,4/1/17
4/15/17,1/1/17,4/1/17,4/1/17
4/16/17,1/1/17,4/1/17,4/1/17
4/17/17,1/1/17,4/1/17,4/1/17
4/18/17,1/1/17,4/1/17,4/1/17
4/19/17,1/1/17,4/1/17,4/1/17
4/20/17,1/1/17,4/1/17,4/1/17
4/21/17,1/1/17,4/1/17,4/1/17
4/22/17,1/1/17,4/1/17,4/1/17
4/23/17,1/1/17,4/1/17,4/1/17
4/24/17,1/1/17,4/1/17,4/1/17
4/25/17,1/1/17,4/1/17,4/1/17
4/26/17,1/1/17,4/1/17,4/1/17
4/27/17,1/1/17,4/1/17,4/1/17
4/28/17,1/1/17,4/1/17,4/1/17
4/29/17,1/1/17,4/1/17,4/1/17
4/30/17,1/1/17,4/1/17,4/1/17
5/1/17,1/1/17,4/1/17,5/1/17
5/2/17,1/1/17,4/1/17,5/1/17
5/3/17,1/1/17,4/1/17,5/1/17
5/4/17,1/1/17,4/1/17,5/1/17
5/5/17,1/1/17,4/1/17,5/1/17
5/6/17,1/1/17,4/1/17,5/1/17
5/7/17,1/1/17,4/1/17,5/1/17
5/8/17,1/1/17,4/1/17,5/1/17
5/9/17,1/1/17,4/1/17,5/1/17
5/10/17,1/1/17,4/1/17,5/1/17
5/11/17,1/1/17,4/1/17,5/1/17
5/12/17,1/1/17,4/1/17,5/1/17
5/13/17,1/1/17,4/1/17,5/1/17
5/14/17,1/1/17,4/1/17,5/1/17
5/15/17,1/1/17,4/1/17,5/1/17
5/16/17,1/1/17,4/1/17,5/1/17
5/17/17,1/1/17,4/1/17,5/1/17
5/18/17,1/1/17,4/1/17,5/1/17
5/19/17,1/1/17,4/1/17,5/1/17
5/20/17,1/1/17,4/1/17,5/1/17
5/21/17,1/1/17,4/1/17,5/1/17
5/22/17,1/1/17,4/1/17,5/1/17
5/23/17,1/1/17,4/1/17,5/1/17
5/24/17,1/1/17,4/1/17,5/1/17
5/25/17,1/1/17,4/1/17,5/1/17
5/26/17,1/1/17,4/1/17,5/1/17
5/27/17,1/1/17,4/1/17,5/1/17
5/28/17,1/1/17,4/1/17,5/1/17
5/29/17,1/1/17,4/1/17,5/1/17
5/30/17,1/1/17,4/1/17,5/1/17
5/31/17,1/1/17,4/1/17,5/1/17
6/1/17,1/1/17,4/1/17,6/1/17
6/2/17,1/1/17,4/1/17,6/1/17
6/3/17,1/1/17,4/1/17,6/1/17
6/4/17,1/1/17,4/1/17,6/1/17
6/5/17,1/1/17,4/1/17,6/1/17
6/6/17,1/1/17,4/1/17,6/1/17
6/7/17,1/1/17,4/1/17,6/1/17
6/8/17,1/1/17,4/1/17,6/1/17
6/9/17,1/1/17,4/1/17,6/1/17
6/10/17,1/1/17,4/1/17,6/1/17
6/11/17,1/1/17,4/1/17,6/1/17
6/12/17,1/1/17,4/1/17,6/1/17
6/13/17,1/1/17,4/1/17,6/1/17
6/14/17,1/1/17,4/1/17,6/1/17
6/15/17,1/1/17,4/1/17,6/1/17
6/16/17,1/1/17,4/1/17,6/1/17
6/17/17,1/1/17,4/1/17,6/1/17
6/18/17,1/1/17,4/1/17,6/1/17
6/19/17,1/1/17,4/1/17,6/1/17
6/20/17,1/1/17,4/1/17,6/1/17
6/21/17,1/1/17,4/1/17,6/1/17
6/22/17,1/1/17,4/1/17,6/1/17
6/23/17,1/1/17,4/1/17,6/1/17
6/24/17,1/1/17,4/1/17,6/1/17
6/25/17,1/1/17,4/1/17,6/1/17
6/26/17,1/1/17,4/1/17,6/1/17
6/27/17,1/1/17,4/1/17,6/1/17
6/28/17,1/1/17,4/1/17,6/1/17
6/29/17,1/1/17,4/1/17,6/1/17
6/30/17,1/1/17,4/1/17,6/1/17
7/1/17,1/1/17,7/1/17,7/1/17
7/2/17,1/1/17,7/1/17,7/1/17
7/3/17,1/1/17,7/1/17,7/1/17
7/4/17,1/1/17,7/1/17,7/1/17
7/5/17,1/1/17,7/1/17,7/1/17
7/6/17,1/1/17,7/1/17,7/1/17
7/7/17,1/1/17,7/1/17,7/1/17
7/8/17,1/1/17,7/1/17,7/1/17
7/9/17,1/1/17,7/1/17,7/1/17
7/10/17,1/1/17,7/1/17,7/1/17
7/11/17,1/1/17,7/1/17,7/1/17
7/12/17,1/1/17,7/1/17,7/1/17
7/13/17,1/1/17,7/1/17,7/1/17
7/14/17,1/1/17,7/1/17,7/1/17
7/15/17,1/1/17,7/1/17,7/1/17
7/16/17,1/1/17,7/1/17,7/1/17
7/17/17,1/1/17,7/1/17,7/1/17
7/18/17,1/1/17,7/1/17,7/1/17
7/19/17,1/1/17,7/1/17,7/1/17
7/20/17,1/1/17,7/1/17,7/1/17
7/21/17,1/1/17,7/1/17,7/1/17
7/22/17,1/1/17,7/1/17,7/1/17
7/23/17,1/1/17,7/1/17,7/1/17
7/24/17,1/1/17,7/1/17,7/1/17
7/25/17,1/1/17,7/1/17,7/1/17
7/26/17,1/1/17,7/1/17,7/1/17
7/27/17,1/1/17,7/1/17,7/1/17
7/28/17,1/1/17,7/1/17,7/1/17
7/29/17,1/1/17,7/1/17,7/1/17
7/30/17,1/1/17,7/1/17,7/1/17
7/31/17,1/1/17,7/1/17,7/1/17
8/1/17,1/1/17,7/1/17,8/1/17
8/2/17,1/1/17,7/1/17,8/1/17
8/3/17,1/1/17,7/1/17,8/1/17
8/4/17,1/1/17,7/1/17,8/1/17
8/5/17,1/1/17,7/1/17,8/1/17
8/6/17,1/1/17,7/1/17,8/1/17
8/7/17,1/1/17,7/1/17,8/1/17
8/8/17,1/1/17,7/1/17,8/1/17
8/9/17,1/1/17,7/1/17,8/1/17
8/10/17,1/1/17,7/1/17,8/1/17
8/11/17,1/1/17,7/1/17,8/1/17
8/12/17,1/1/17,7/1/17,8/1/17
8/13/17,1/1/17,7/1/17,8/1/17
8/14/17,1/1/17,7/1/17,8/1/17
8/15/17,1/1/17,7/1/17,8/1/17
8/16/17,1/1/17,7/1/17,8/1/17
8/17/17,1/1/17,7/1/17,8/1/17
8/18/17,1/1/17,7/1/17,8/1/17
8/19/17,1/1/17,7/1/17,8/1/17
8/20/17,1/1/17,7/1/17,8/1/17
8/21/17,1/1/17,7/1/17,8/1/17
8/22/17,1/1/17,7/1/17,8/1/17
8/23/17,1/1/17,7/1/17,8/1/17
8/24/17,1/1/17,7/1/17,8/1/17
8/25/17,1/1/17,7/1/17,8/1/17
8/26/17,1/1/17,7/1/17,8/1/17
8/27/17,1/1/17,7/1/17,8/1/17
8/28/17,1/1/17,7/1/17,8/1/17
8/29/17,1/1/17,7/1/17,8/1/17
8/30/17,1/1/17,7/1/17,8/1/17
8/31/17,1/1/17,7/1/17,8/1/17
9/1/17,1/1/17,7/1/17,9/1/17
9/2/17,1/1/17,7/1/17,9/1/17
9/3/17,1/1/17,7/1/17,9/1/17
9/4/17,1/1/17,7/1/17,9/1/17
9/5/17,1/1/17,7/1/17,9/1/17
9/6/17,1/1/17,7/1/17,9/1/17
9/7/17,1/1/17,7/1/17,9/1/17
9/8/17,1/1/17,7/1/17,9/1/17
9/9/17,1/1/17,7/1/17,9/1/17
9/10/17,1/1/17,7/1/17,9/1/17
9/11/17,1/1/17,7/1/17,9/1/17
9/12/17,1/1/17,7/1/17,9/1/17
9/13/17,1/1/17,7/1/17,9/1/17
9/14/17,1/1/17,7/1/17,9/1/17
9/15/17,1/1/17,7/1/17,9/1/17
9/16/17,1/1/17,7/1/17,9/1/17
9/17/17,1/1/17,7/1/17,9/1/17
9/18/17,1/1/17,7/1/17,9/1/17
9/19/17,1/1/17,7/1/17,9/1/17
9/20/17,1/1/17,7/1/17,9/1/17
9/21/17,1/1/17,7/1/17,9/1/17
9/22/17,1/1/17,7/1/17,9/1/17
9/23/17,1/1/17,7/1/17,9/1/17
9/24/17,1/1/17,7/1/17,9/1/17
9/25/17,1/1/17,7/1/17,9/1/17
9/26/17,1/1/17,7/1/17,9/1/17
9/27/17,1/1/17,7/1/17,9/1/17
9/28/17,1/1/17,7/1/17,9/1/17
9/29/17,1/1/17,7/1/17,9/1/17
9/30/17,1/1/17,7/1/17,9/1/17
10/1/17,1/1/17,10/1/17,10/1/17
10/2/17,1/1/17,10/1/17,10/1/17
10/3/17,1/1/17,10/1/17,10/1/17
10/4/17,1/1/17,10/1/17,10/1/17
10/5/17,1/1/17,10/1/17,10/1/17
10/6/17,1/1/17,10/1/17,10/1/17
10/7/17,1/1/17,10/1/17,10/1/17
10/8/17,1/1/17,10/1/17,10/1/17
10/9/17,1/1/17,10/1/17,10/1/17
10/10/17,1/1/17,10/1/17,10/1/17
10/11/17,1/1/17,10/1/17,10/1/17
10/12/17,1/1/17,10/1/17,10/1/17
10/13/17,1/1/17,10/1/17,10/1/17
10/14/17,1/1/17,10/1/17,10/1/17
10/15/17,1/1/17,10/1/17,10/1/17
10/16/17,1/1/17,10/1/17,10/1/17
10/17/17,1/1/17,10/1/17,10/1/17
10/18/17,1/1/17,10/1/17,10/1/17
10/19/17,1/1/17,10/1/17,10/1/17
10/20/17,1/1/17,10/1/17,10/1/17
10/21/17,1/1/17,10/1/17,10/1/17
10/22/17,1/1/17,10/1/17,10/1/17
10/23/17,1/1/17,10/1/17,10/1/17
10/24/17,1/1/17,10/1/17,10/1/17
10/25/17,1/1/17,10/1/17,10/1/17
10/26/17,1/1/17,10/1/17,10/1/17
10/27/17,1/1/17,10/1/17,10/1/17
10/28/17,1/1/17,10/1/17,10/1/17
10/29/17,1/1/17,10/1/17,10/1/17
10/30/17,1/1/17,10/1/17,10/1/17
10/31/17,1/1/17,10/1/17,10/1/17
11/1/17,1/1/17,10/1/17,11/1/17
11/2/17,1/1/17,10/1/17,11/1/17
11/3/17,1/1/17,10/1/17,11/1/17
11/4/17,1/1/17,10/1/17,11/1/17
11/5/17,1/1/17,10/1/17,11/1/17
11/6/17,1/1/17,10/1/17,11/1/17
11/7/17,1/1/17,10/1/17,11/1/17
11/8/17,1/1/17,10/1/17,11/1/17
11/9/17,1/1/17,10/1/17,11/1/17
11/10/17,1/1/17,10/1/17,11/1/17
11/11/17,1/1/17,10/1/17,11/1/17
11/12/17,1/1/17,10/1/17,11/1/17
11/13/17,1/1/17,10/1/17,11/1/17
11/14/17,1/1/17,10/1/17,11/1/17
11/15/17,1/1/17,10/1/17,11/1/17
11/16/17,1/1/17,10/1/17,11/1/17
11/17/17,1/1/17,10/1/17,11/1/17
11/18/17,1/1/17,10/1/17,11/1/17
11/19/17,1/1/17,10/1/17,11/1/17
11/20/17,1/1/17,10/1/17,11/1/17
11/21/17,1/1/17,10/1/17,11/1/17
11/22/17,1/1/17,10/1/17,11/1/17
11/23/17,1/1/17,10/1/17,11/1/17
11/24/17,1/1/17,10/1/17,11/1/17
11/25/17,1/1/17,10/1/17,11/1/17
11/26/17,1/1/17,10/1/17,11/1/17
11/27/17,1/1/17,10/1/17,11/1/17
11/28/17,1/1/17,10/1/17,11/1/17
11/29/17,1/1/17,10/1/17,11/1/17
11/30/17,1/1/17,10/1/17,11/1/17
12/1/17,1/1/17,10/1/17,12/1/17
12/2/17,1/1/17,10/1/17,12/1/17
12/3/17,1/1/17,10/1/17,12/1/17
12/4/17,1/1/17,10/1/17,12/1/17
12/5/17,1/1/17,10/1/17,12/1/17
12/6/17,1/1/17,10/1/17,12/1/17
12/7/17,1/1/17,10/1/17,12/1/17
12/8/17,1/1/17,10/1/17,12/1/17
12/9/17,1/1/17,10/1/17,12/1/17
12/10/17,1/1/17,10/1/17,12/1/17
12/11/17,1/1/17,10/1/17,12/1/17
12/12/17,1/1/17,10/1/17,12/1/17
12/13/17,1/1/17,10/1/17,12/1/17
12/14/17,1/1/17,10/1/17,12/1/17
12/15/17,1/1/17,10/1/17,12/1/17
12/16/17,1/1/17,10/1/17,12/1/17
12/17/17,1/1/17,10/1/17,12/1/17
12/18/17,1/1/17,10/1/17,12/1/17
12/19/17,1/1/17,10/1/17,12/1/17
12/20/17,1/1/17,10/1/17,12/1/17
12/21/17,1/1/17,10/1/17,12/1/17
12/22/17,1/1/17,10/1/17,12/1/17
12/23/17,1/1/17,10/1/17,12/1/17
12/24/17,1/1/17,10/1/17,12/1/17
12/25/17,1/1/17,10/1/17,12/1/17
12/26/17,1/1/17,10/1/17,12/1/17
12/27/17,1/1/17,10/1/17,12/1/17
12/28/17,1/1/17,10/1/17,12/1/17
12/29/17,1/1/17,10/1/17,12/1/17
12/30/17,1/1/17,10/1/17,12/1/17
12/31/17,1/1/17,10/1/17,12/1/17
1/1/18,1/1/18,1/1/18,1/1/18
1/2/18,1/1/18,1/1/18,1/1/18
1/3/18,1/1/18,1/1/18,1/1/18
1/4/18,1/1/18,1/1/18,1/1/18
1/5/18,1/1/18,1/1/18,1/1/18
1/6/18,1/1/18,1/1/18,1/1/18
1/7/18,1/1/18,1/1/18,1/1/18
1/8/18,1/1/18,1/1/18,1/1/18
1/9/18,1/1/18,1/1/18,1/1/18
1/10/18,1/1/18,1/1/18,1/1/18
1/11/18,1/1/18,1/1/18,1/1/18
1/12/18,1/1/18,1/1/18,1/1/18
1/13/18,1/1/18,1/1/18,1/1/18
1/14/18,1/1/18,1/1/18,1/1/18
1/15/18,1/1/18,1/1/18,1/1/18
1/16/18,1/1/18,1/1/18,1/1/18
1/17/18,1/1/18,1/1/18,1/1/18
1/18/18,1/1/18,1/1/18,1/1/18
1/19/18,1/1/18,1/1/18,1/1/18
1/20/18,1/1/18,1/1/18,1/1/18
1/21/18,1/1/18,1/1/18,1/1/18
1/22/18,1/1/18,1/1/18,1/1/18
1/23/18,1/1/18,1/1/18,1/1/18
1/24/18,1/1/18,1/1/18,1/1/18
1/25/18,1/1/18,1/1/18,1/1/18
1/26/18,1/1/18,1/1/18,1/1/18
1/27/18,1/1/18,1/1/18,1/1/18
1/28/18,1/1/18,1/1/18,1/1/18
1/29/18,1/1/18,1/1/18,1/1/18
1/30/18,1/1/18,1/1/18,1/1/18
1/31/18,1/1/18,1/1/18,1/1/18
2/1/18,1/1/18,1/1/18,2/1/18
2/2/18,1/1/18,1/1/18,2/1/18
2/3/18,1/1/18,1/1/18,2/1/18
2/4/18,1/1/18,1/1/18,2/1/18
2/5/18,1/1/18,1/1/18,2/1/18
2/6/18,1/1/18,1/1/18,2/1/18
2/7/18,1/1/18,1/1/18,2/1/18
2/8/18,1/1/18,1/1/18,2/1/18
2/9/18,1/1/18,1/1/18,2/1/18
2/10/18,1/1/18,1/1/18,2/1/18
2/11/18,1/1/18,1/1/18,2/1/18
2/12/18,1/1/18,1/1/18,2/1/18
2/13/18,1/1/18,1/1/18,2/1/18
2/14/18,1/1/18,1/1/18,2/1/18
2/15/18,1/1/18,1/1/18,2/1/18
2/16/18,1/1/18,1/1/18,2/1/18
2/17/18,1/1/18,1/1/18,2/1/18
2/18/18,1/1/18,1/1/18,2/1/18
2/19/18,1/1/18,1/1/18,2/1/18
2/20/18,1/1/18,1/1/18,2/1/18
2/21/18,1/1/18,1/1/18,2/1/18
2/22/18,1/1/18,1/1/18,2/1/18
2/23/18,1/1/18,1/1/18,2/1/18
2/24/18,1/1/18,1/1/18,2/1/18
2/25/18,1/1/18,1/1/18,2/1/18
2/26/18,1/1/18,1/1/18,2/1/18
2/27/18,1/1/18,1/1/18,2/1/18
2/28/18,1/1/18,1/1/18,2/1/18
3/1/18,1/1/18,1/1/18,3/1/18
3/2/18,1/1/18,1/1/18,3/1/18
3/3/18,1/1/18,1/1/18,3/1/18
3/4/18,1/1/18,1/1/18,3/1/18
3/5/18,1/1/18,1/1/18,3/1/18
3/6/18,1/1/18,1/1/18,3/1/18
3/7/18,1/1/18,1/1/18,3/1/18
3/8/18,1/1/18,1/1/18,3/1/18
3/9/18,1/1/18,1/1/18,3/1/18
3/10/18,1/1/18,1/1/18,3/1/18
3/11/18,1/1/18,1/1/18,3/1/18
3/12/18,1/1/18,1/1/18,3/1/18
3/13/18,1/1/18,1/1/18,3/1/18
3/14/18,1/1/18,1/1/18,3/1/18
3/15/18,1/1/18,1/1/18,3/1/18
3/16/18,1/1/18,1/1/18,3/1/18
3/17/18,1/1/18,1/1/18,3/1/18
3/18/18,1/1/18,1/1/18,3/1/18
3/19/18,1/1/18,1/1/18,3/1/18
3/20/18,1/1/18,1/1/18,3/1/18
3/21/18,1/1/18,1/1/18,3/1/18
3/22/18,1/1/18,1/1/18,3/1/18
3/23/18,1/1/18,1/1/18,3/1/18
3/24/18,1/1/18,1/1/18,3/1/18
3/25/18,1/1/18,1/1/18,3/1/18
3/26/18,1/1/18,1/1/18,3/1/18
3/27/18,1/1/18,1/1/18,3/1/18
3/28/18,1/1/18,1/1/18,3/1/18
3/29/18,1/1/18,1/1/18,3/1/18
3/30/18,1/1/18,1/1/18,3/1/18
3/31/18,1/1/18,1/1/18,3/1/18
4/1/18,1/1/18,4/1/18,4/1/18
4/2/18,1/1/18,4/1/18,4/1/18
4/3/18,1/1/18,4/1/18,4/1/18
4/4/18,1/1/18,4/1/18,4/1/18
4/5/18,1/1/18,4/1/18,4/1/18
4/6/18,1/1/18,4/1/18,4/1/18
4/7/18,1/1/18,4/1/18,4/1/18
4/8/18,1/1/18,4/1/18,4/1/18
4/9/18,1/1/18,4/1/18,4/1/18
4/10/18,1/1/18,4/1/18,4/1/18
4/11/18,1/1/18,4/1/18,4/1/18
4/12/18,1/1/18,4/1/18,4/1/18
4/13/18,1/1/18,4/1/18,4/1/18
4/14/18,1/1/18,4/1/18,4/1/18
4/15/18,1/1/18,4/1/18,4/1/18
4/16/18,1/1/18,4/1/18,4/1/18
4/17/18,1/1/18,4/1/18,4/1/18
4/18/18,1/1/18,4/1/18,4/1/18
4/19/18,1/1/18,4/1/18,4/1/18
4/20/18,1/1/18,4/1/18,4/1/18
4/21/18,1/1/18,4/1/18,4/1/18
4/22/18,1/1/18,4/1/18,4/1/18
4/23/18,1/1/18,4/1/18,4/1/18
4/24/18,1/1/18,4/1/18,4/1/18
4/25/18,1/1/18,4/1/18,4/1/18
4/26/18,1/1/18,4/1/18,4/1/18
4/27/18,1/1/18,4/1/18,4/1/18
4/28/18,1/1/18,4/1/18,4/1/18
4/29/18,1/1/18,4/1/18,4/1/18
4/30/18,1/1/18,4/1/18,4/1/18
5/1/18,1/1/18,4/1/18,5/1/18
5/2/18,1/1/18,4/1/18,5/1/18
5/3/18,1/1/18,4/1/18,5/1/18
5/4/18,1/1/18,4/1/18,5/1/18
5/5/18,1/1/18,4/1/18,5/1/18
5/6/18,1/1/18,4/1/18,5/1/18
5/7/18,1/1/18,4/1/18,5/1/18
5/8/18,1/1/18,4/1/18,5/1/18
5/9/18,1/1/18,4/1/18,5/1/18
5/10/18,1/1/18,4/1/18,5/1/18
5/11/18,1/1/18,4/1/18,5/1/18
5/12/18,1/1/18,4/1/18,5/1/18
5/13/18,1/1/18,4/1/18,5/1/18
5/14/18,1/1/18,4/1/18,5/1/18
5/15/18,1/1/18,4/1/18,5/1/18
5/16/18,1/1/18,4/1/18,5/1/18
5/17/18,1/1/18,4/1/18,5/1/18
5/18/18,1/1/18,4/1/18,5/1/18
5/19/18,1/1/18,4/1/18,5/1/18
5/20/18,1/1/18,4/1/18,5/1/18
5/21/18,1/1/18,4/1/18,5/1/18
5/22/18,1/1/18,4/1/18,5/1/18
5/23/18,1/1/18,4/1/18,5/1/18
5/24/18,1/1/18,4/1/18,5/1/18
5/25/18,1/1/18,4/1/18,5/1/18
5/26/18,1/1/18,4/1/18,5/1/18
5/27/18,1/1/18,4/1/18,5/1/18
5/28/18,1/1/18,4/1/18,5/1/18
5/29/18,1/1/18,4/1/18,5/1/18
5/30/18,1/1/18,4/1/18,5/1/18
5/31/18,1/1/18,4/1/18,5/1/18
6/1/18,1/1/18,4/1/18,6/1/18
6/2/18,1/1/18,4/1/18,6/1/18
6/3/18,1/1/18,4/1/18,6/1/18
6/4/18,1/1/18,4/1/18,6/1/18
6/5/18,1/1/18,4/1/18,6/1/18
6/6/18,1/1/18,4/1/18,6/1/18
6/7/18,1/1/18,4/1/18,6/1/18
6/8/18,1/1/18,4/1/18,6/1/18
6/9/18,1/1/18,4/1/18,6/1/18
6/10/18,1/1/18,4/1/18,6/1/18
6/11/18,1/1/18,4/1/18,6/1/18
6/12/18,1/1/18,4/1/18,6/1/18
6/13/18,1/1/18,4/1/18,6/1/18
6/14/18,1/1/18,4/1/18,6/1/18
6/15/18,1/1/18,4/1/18,6/1/18
6/16/18,1/1/18,4/1/18,6/1/18
6/17/18,1/1/18,4/1/18,6/1/18
6/18/18,1/1/18,4/1/18,6/1/18
6/19/18,1/1/18,4/1/18,6/1/18
6/20/18,1/1/18,4/1/18,6/1/18
6/21/18,1/1/18,4/1/18,6/1/18
6/22/18,1/1/18,4/1/18,6/1/18
6/23/18,1/1/18,4/1/18,6/1/18
6/24/18,1/1/18,4/1/18,6/1/18
6/25/18,1/1/18,4/1/18,6/1/18
6/26/18,1/1/18,4/1/18,6/1/18
6/27/18,1/1/18,4/1/18,6/1/18
6/28/18,1/1/18,4/1/18,6/1/18
6/29/18,1/1/18,4/1/18,6/1/18
6/30/18,1/1/18,4/1/18,6/1/18
7/1/18,1/1/18,7/1/18,7/1/18
7/2/18,1/1/18,7/1/18,7/1/18
7/3/18,1/1/18,7/1/18,7/1/18
7/4/18,1/1/18,7/1/18,7/1/18
7/5/18,1/1/18,7/1/18,7/1/18
7/6/18,1/1/18,7/1/18,7/1/18
7/7/18,1/1/18,7/1/18,7/1/18
7/8/18,1/1/18,7/1/18,7/1/18
7/9/18,1/1/18,7/1/18,7/1/18
7/10/18,1/1/18,7/1/18,7/1/18
7/11/18,1/1/18,7/1/18,7/1/18
7/12/18,1/1/18,7/1/18,7/1/18
7/13/18,1/1/18,7/1/18,7/1/18
7/14/18,1/1/18,7/1/18,7/1/18
7/15/18,1/1/18,7/1/18,7/1/18
7/16/18,1/1/18,7/1/18,7/1/18
7/17/18,1/1/18,7/1/18,7/1/18
7/18/18,1/1/18,7/1/18,7/1/18
7/19/18,1/1/18,7/1/18,7/1/18
7/20/18,1/1/18,7/1/18,7/1/18
7/21/18,1/1/18,7/1/18,7/1/18
7/22/18,1/1/18,7/1/18,7/1/18
7/23/18,1/1/18,7/1/18,7/1/18
7/24/18,1/1/18,7/1/18,7/1/18
7/25/18,1/1/18,7/1/18,7/1/18
7/26/18,1/1/18,7/1/18,7/1/18
7/27/18,1/1/18,7/1/18,7/1/18
7/28/18,1/1/18,7/1/18,7/1/18
7/29/18,1/1/18,7/1/18,7/1/18
7/30/18,1/1/18,7/1/18,7/1/18
7/31/18,1/1/18,7/1/18,7/1/18
8/1/18,1/1/18,7/1/18,8/1/18
8/2/18,1/1/18,7/1/18,8/1/18
8/3/18,1/1/18,7/1/18,8/1/18
8/4/18,1/1/18,7/1/18,8/1/18
8/5/18,1/1/18,7/1/18,8/1/18
8/6/18,1/1/18,7/1/18,8/1/18
8/7/18,1/1/18,7/1/18,8/1/18
8/8/18,1/1/18,7/1/18,8/1/18
8/9/18,1/1/18,7/1/18,8/1/18
8/10/18,1/1/18,7/1/18,8/1/18
8/11/18,1/1/18,7/1/18,8/1/18
8/12/18,1/1/18,7/1/18,8/1/18
8/13/18,1/1/18,7/1/18,8/1/18
8/14/18,1/1/18,7/1/18,8/1/18
8/15/18,1/1/18,7/1/18,8/1/18
8/16/18,1/1/18,7/1/18,8/1/18
8/17/18,1/1/18,7/1/18,8/1/18
8/18/18,1/1/18,7/1/18,8/1/18
8/19/18,1/1/18,7/1/18,8/1/18
8/20/18,1/1/18,7/1/18,8/1/18
8/21/18,1/1/18,7/1/18,8/1/18
8/22/18,1/1/18,7/1/18,8/1/18
8/23/18,1/1/18,7/1/18,8/1/18
8/24/18,1/1/18,7/1/18,8/1/18
8/25/18,1/1/18,7/1/18,8/1/18
8/26/18,1/1/18,7/1/18,8/1/18
8/27/18,1/1/18,7/1/18,8/1/18
8/28/18,1/1/18,7/1/18,8/1/18
8/29/18,1/1/18,7/1/18,8/1/18
8/30/18,1/1/18,7/1/18,8/1/18
8/31/18,1/1/18,7/1/18,8/1/18
9/1/18,1/1/18,7/1/18,9/1/18
9/2/18,1/1/18,7/1/18,9/1/18
9/3/18,1/1/18,7/1/18,9/1/18
9/4/18,1/1/18,7/1/18,9/1/18
9/5/18,1/1/18,7/1/18,9/1/18
9/6/18,1/1/18,7/1/18,9/1/18
9/7/18,1/1/18,7/1/18,9/1/18
9/8/18,1/1/18,7/1/18,9/1/18
9/9/18,1/1/18,7/1/18,9/1/18
9/10/18,1/1/18,7/1/18,9/1/18
9/11/18,1/1/18,7/1/18,9/1/18
9/12/18,1/1/18,7/1/18,9/1/18
9/13/18,1/1/18,7/1/18,9/1/18
9/14/18,1/1/18,7/1/18,9/1/18
9/15/18,1/1/18,7/1/18,9/1/18
9/16/18,1/1/18,7/1/18,9/1/18
9/17/18,1/1/18,7/1/18,9/1/18
9/18/18,1/1/18,7/1/18,9/1/18
9/19/18,1/1/18,7/1/18,9/1/18
9/20/18,1/1/18,7/1/18,9/1/18
9/21/18,1/1/18,7/1/18,9/1/18
9/22/18,1/1/18,7/1/18,9/1/18
9/23/18,1/1/18,7/1/18,9/1/18
9/24/18,1/1/18,7/1/18,9/1/18
9/25/18,1/1/18,7/1/18,9/1/18
9/26/18,1/1/18,7/1/18,9/1/18
9/27/18,1/1/18,7/1/18,9/1/18
9/28/18,1/1/18,7/1/18,9/1/18
9/29/18,1/1/18,7/1/18,9/1/18
9/30/18,1/1/18,7/1/18,9/1/18
10/1/18,1/1/18,10/1/18,10/1/18
10/2/18,1/1/18,10/1/18,10/1/18
10/3/18,1/1/18,10/1/18,10/1/18
10/4/18,1/1/18,10/1/18,10/1/18
10/5/18,1/1/18,10/1/18,10/1/18
10/6/18,1/1/18,10/1/18,10/1/18
10/7/18,1/1/18,10/1/18,10/1/18
10/8/18,1/1/18,10/1/18,10/1/18
10/9/18,1/1/18,10/1/18,10/1/18
10/10/18,1/1/18,10/1/18,10/1/18
10/11/18,1/1/18,10/1/18,10/1/18
10/12/18,1/1/18,10/1/18,10/1/18
10/13/18,1/1/18,10/1/18,10/1/18
10/14/18,1/1/18,10/1/18,10/1/18
10/15/18,1/1/18,10/1/18,10/1/18
10/16/18,1/1/18,10/1/18,10/1/18
10/17/18,1/1/18,10/1/18,10/1/18
10/18/18,1/1/18,10/1/18,10/1/18
10/19/18,1/1/18,10/1/18,10/1/18
10/20/18,1/1/18,10/1/18,10/1/18
10/21/18,1/1/18,10/1/18,10/1/18
10/22/18,1/1/18,10/1/18,10/1/18
10/23/18,1/1/18,10/1/18,10/1/18
10/24/18,1/1/18,10/1/18,10/1/18
10/25/18,1/1/18,10/1/18,10/1/18
10/26/18,1/1/18,10/1/18,10/1/18
10/27/18,1/1/18,10/1/18,10/1/18
10/28/18,1/1/18,10/1/18,10/1/18
10/29/18,1/1/18,10/1/18,10/1/18
10/30/18,1/1/18,10/1/18,10/1/18
10/31/18,1/1/18,10/1/18,10/1/18
11/1/18,1/1/18,10/1/18,11/1/18
11/2/18,1/1/18,10/1/18,11/1/18
11/3/18,1/1/18,10/1/18,11/1/18
11/4/18,1/1/18,10/1/18,11/1/18
11/5/18,1/1/18,10/1/18,11/1/18
11/6/18,1/1/18,10/1/18,11/1/18
11/7/18,1/1/18,10/1/18,11/1/18
11/8/18,1/1/18,10/1/18,11/1/18
11/9/18,1/1/18,10/1/18,11/1/18
11/10/18,1/1/18,10/1/18,11/1/18
11/11/18,1/1/18,10/1/18,11/1/18
11/12/18,1/1/18,10/1/18,11/1/18
11/13/18,1/1/18,10/1/18,11/1/18
11/14/18,1/1/18,10/1/18,11/1/18
11/15/18,1/1/18,10/1/18,11/1/18
11/16/18,1/1/18,10/1/18,11/1/18
11/17/18,1/1/18,10/1/18,11/1/18
11/18/18,1/1/18,10/1/18,11/1/18
11/19/18,1/1/18,10/1/18,11/1/18
11/20/18,1/1/18,10/1/18,11/1/18
11/21/18,1/1/18,10/1/18,11/1/18
11/22/18,1/1/18,10/1/18,11/1/18
11/23/18,1/1/18,10/1/18,11/1/18
11/24/18,1/1/18,10/1/18,11/1/18
11/25/18,1/1/18,10/1/18,11/1/18
11/26/18,1/1/18,10/1/18,11/1/18
11/27/18,1/1/18,10/1/18,11/1/18
11/28/18,1/1/18,10/1/18,11/1/18
11/29/18,1/1/18,10/1/18,11/1/18
11/30/18,1/1/18,10/1/18,11/1/18
12/1/18,1/1/18,10/1/18,12/1/18
12/2/18,1/1/18,10/1/18,12/1/18
12/3/18,1/1/18,10/1/18,12/1/18
12/4/18,1/1/18,10/1/18,12/1/18
12/5/18,1/1/18,10/1/18,12/1/18
12/6/18,1/1/18,10/1/18,12/1/18
12/7/18,1/1/18,10/1/18,12/1/18
12/8/18,1/1/18,10/1/18,12/1/18
12/9/18,1/1/18,10/1/18,12/1/18
12/10/18,1/1/18,10/1/18,12/1/18
12/11/18,1/1/18,10/1/18,12/1/18
12/12/18,1/1/18,10/1/18,12/1/18
12/13/18,1/1/18,10/1/18,12/1/18
12/14/18,1/1/18,10/1/18,12/1/18
12/15/18,1/1/18,10/1/18,12/1/18
12/16/18,1/1/18,10/1/18,12/1/18
12/17/18,1/1/18,10/1/18,12/1/18
12/18/18,1/1/18,10/1/18,12/1/18
12/19/18,1/1/18,10/1/18,12/1/18
12/20/18,1/1/18,10/1/18,12/1/18
12/21/18,1/1/18,10/1/18,12/1/18
12/22/18,1/1/18,10/1/18,12/1/18
12/23/18,1/1/18,10/1/18,12/1/18
12/24/18,1/1/18,10/1/18,12/1/18
12/25/18,1/1/18,10/1/18,12/1/18
12/26/18,1/1/18,10/1/18,12/1/18
12/27/18,1/1/18,10/1/18,12/1/18
12/28/18,1/1/18,10/1/18,12/1/18
12/29/18,1/1/18,10/1/18,12/1/18
12/30/18,1/1/18,10/1/18,12/1/18
12/31/18,1/1/18,10/1/18,12/1/18